Workbook

Sheet New Orders CRs
A1: Employee Name | C1: Current WorkLoad (InProgress) | D1: Not Started | E1: Dataset Validation | F1: Actual Mapping | G1: Testing | H1: Ready For Production | I1: Latest Assignment Date | K1: Forms | L1: Forms Mapping | M1: Forms Testing | N1: Forms Migration Testing (Ready for Production) | O1: Forms Production | P1: Latest Assignment Date | Q1: Total Queue / Analyst | R1: Total CRs (2025) | S1: Total CRs (2026)
A2: Expected Queue | C2: 20
A3: Ahmed Ali | C3: =SUM(D3:G3) -> 25 | D3: =COUNTIFS([1]EDI!$S$2:$S$10000,"Ahmed Ali", [1]EDI!$Q$2:$Q$10000, "In Progress", [1]EDI!$N$2:$N$10000,"DataSet Validation", [1]EDI!$L$2:$L$10000,"", [1]EDI!$I$2:$I$10000,"EDI") -> 0 | E3: =COUNTIFS([1]EDI!$S$2:$S$10000,"Ahmed Ali", [1]EDI!$Q$2:$Q$10000, "In Progress", [1]EDI!$N$2:$N$10000,"Dataset Validation", [1]EDI!$L$2:$L$10000, "<>", [1]EDI!$I$2:$I$10000,"EDI") -> 1 | F3: =COUNTIFS([1]EDI!$S$2:$S$10000,"Ahmed Ali", [1]EDI!$Q$2:$Q$10000, "In Progress", [1]EDI!$N$2:$N$10000,"Mapping", [1]EDI!$I$2:$I$10000,"EDI") -> 5 | G3: =COUNTIFS([1]EDI!$S$2:$S$10000,"Ahmed Ali", [1]EDI!$Q$2:$Q$10000, "In Progress", [1]EDI!$N$2:$N$10000,"Testing", [1]EDI!$I$2:$I$10000,"EDI") -> 19 | H3: =COUNTIFS([1]EDI!$S$2:$S$10000,"Ahmed Ali", [1]EDI!$Q$2:$Q$10000, "In Progress", [1]EDI!$N$2:$N$10000,"Ready For Production", [1]EDI!$I$2:$I$10000,"EDI") -> 0 | I3: =LARGE(Dates!A4:A50,1) -> 46215 | K3: =COUNTIFS([1]EDI!$S$2:$S$10000,"Ahmed Ali", [1]EDI!$Q$2:$Q$10000, "In Progress", [1]EDI!$I$2:$I$10000,"Forms") -> 0 | L3: {=SUM(COUNTIFS([1]EDI!$S$2:$S$10000,"Ahmed Ali", [1]EDI!$Q$2:$Q$10000,"In Progress", [1]EDI!$N$2:$N$10000,{"Mapping","Dataset Validation"}, [1]EDI!$I$2:$I$10000,"Forms"))} -> 0 | M3: =COUNTIFS([1]EDI!$S$2:$S$10000,"Ahmed Ali", [1]EDI!$Q$2:$Q$10000, "In Progress", [1]EDI!$N$2:$N$10000,"Testing", [1]EDI!$I$2:$I$10000,"Forms") -> 0 | N3: =COUNTIFS([1]EDI!$S$2:$S$10000,"Ahmed Ali", [1]EDI!$Q$2:$Q$10000, "In Progress", [1]EDI!$P$2:$P$10000,"Migration Testing", [1]EDI!$I$2:$I$10000,"Forms") -> 0 | O3: =COUNTIFS([1]EDI!$S$2:$S$10000,"Ahmed Ali", [1]EDI!$Q$2:$Q$10000, "Live", [1]EDI!$P$2:$P$10000,"Production", [1]EDI!$I$2:$I$10000,"Forms") -> 1 | Q3: =C3+K3 -> 25 | R3: =COUNTIFS( [1]EDI!$S$2:$S$10000,"Ahmed Ali", [1]EDI!$L$2:$L$10000,"<>", [1]EDI!$R$2:$R$10000,">="&DATE(2025,1,1), [1]EDI!$R$2:$R$10000,"<"&DATE(2026,1,1), [1]EDI!$I$2:$I$10000,"EDI" ) -> 49 | S3: =COUNTIFS( [1]EDI!$S$2:$S$10000,"Ahmed Ali", [1]EDI!$L$2:$L$10000,"<>", [1]EDI!$R$2:$R$10000,">="&DATE(2026,1,1), [1]EDI!$I$2:$I$10000,"EDI" ) -> 33
A4: Alaa Yehia | C4: =SUM(D4:G4) -> 20 | D4: =COUNTIFS([1]EDI!$S$2:$S$10000,"Alaa Yehia", [1]EDI!$Q$2:$Q$10000, "In Progress", [1]EDI!$N$2:$N$10000,"DataSet Validation", [1]EDI!$L$2:$L$10000,"", [1]EDI!$I$2:$I$10000,"EDI") -> 1 | E4: =COUNTIFS([1]EDI!$S$2:$S$10000,"Alaa Yehia", [1]EDI!$Q$2:$Q$10000, "In Progress", [1]EDI!$N$2:$N$10000,"Dataset Validation", [1]EDI!$L$2:$L$10000, "<>", [1]EDI!$I$2:$I$10000,"EDI") -> 0 | F4: =COUNTIFS([1]EDI!$S$2:$S$10000,"Alaa Yehia", [1]EDI!$Q$2:$Q$10000, "In Progress", [1]EDI!$N$2:$N$10000,"Mapping", [1]EDI!$I$2:$I$10000,"EDI") -> 3 | G4: =COUNTIFS([1]EDI!$S$2:$S$10000,"Alaa Yehia", [1]EDI!$Q$2:$Q$10000, "In Progress", [1]EDI!$N$2:$N$10000,"Testing", [1]EDI!$I$2:$I$10000,"EDI") -> 16 | H4: =COUNTIFS([1]EDI!$S$2:$S$10000,"Alaa Yehia", [1]EDI!$Q$2:$Q$10000, "In Progress", [1]EDI!$N$2:$N$10000,"Ready For Production", [1]EDI!$I$2:$I$10000,"EDI") -> 0 | I4: =LARGE(Dates!B4:B50,1) -> 46215 | K4: =COUNTIFS([1]EDI!$S$2:$S$10000,"Alaa Yehia", [1]EDI!$Q$2:$Q$10000, "In Progress", [1]EDI!$I$2:$I$10000,"Forms") -> 3 | L4: {=SUM(COUNTIFS([1]EDI!$S$2:$S$10000,"Alaa Yehia", [1]EDI!$Q$2:$Q$10000,"In Progress", [1]EDI!$N$2:$N$10000,{"Mapping","Dataset Validation"}, [1]EDI!$I$2:$I$10000,"Forms"))} -> 2 | M4: =COUNTIFS([1]EDI!$S$2:$S$10000,"Alaa Yehia", [1]EDI!$Q$2:$Q$10000, "In Progress", [1]EDI!$N$2:$N$10000,"Testing", [1]EDI!$I$2:$I$10000,"Forms") -> 1 | N4: =COUNTIFS([1]EDI!$S$2:$S$10000,"Alaa Yehia", [1]EDI!$Q$2:$Q$10000, "In Progress", [1]EDI!$P$2:$P$10000,"Migration Testing", [1]EDI!$I$2:$I$10000,"Forms") -> 0 | O4: =COUNTIFS([1]EDI!$S$2:$S$10000,"Alaa Yehia", [1]EDI!$Q$2:$Q$10000, "Live", [1]EDI!$P$2:$P$10000,"Production", [1]EDI!$I$2:$I$10000,"Forms") -> 1 | P4: =LARGE('Dates-Forms'!B4:B50,1) -> 46210 | Q4: =C4+K4 -> 23 | R4: =COUNTIFS( [1]EDI!$S$2:$S$10000,"Alaa Yehia", [1]EDI!$L$2:$L$10000,"<>", [1]EDI!$R$2:$R$10000,">="&DATE(2025,1,1), [1]EDI!$R$2:$R$10000,"<"&DATE(2026,1,1), [1]EDI!$I$2:$I$10000,"EDI" ) -> 60 | S4: =COUNTIFS( [1]EDI!$S$2:$S$10000,"Alaa Yehia", [1]EDI!$L$2:$L$10000,"<>", [1]EDI!$R$2:$R$10000,">="&DATE(2026,1,1), [1]EDI!$I$2:$I$10000,"EDI" ) -> 53
A5: Andrew Ramy | C5: =SUM(D5:G5) -> 27 | D5: =COUNTIFS([1]EDI!$S$2:$S$10000,"Andrew Ramy", [1]EDI!$Q$2:$Q$10000, "In Progress", [1]EDI!$N$2:$N$10000,"DataSet Validation", [1]EDI!$L$2:$L$10000,"", [1]EDI!$I$2:$I$10000,"EDI") -> 1 | E5: =COUNTIFS([1]EDI!$S$2:$S$10000,"Andrew Ramy", [1]EDI!$Q$2:$Q$10000, "In Progress", [1]EDI!$N$2:$N$10000,"Dataset Validation", [1]EDI!$L$2:$L$10000, "<>", [1]EDI!$I$2:$I$10000,"EDI") -> 0 | F5: =COUNTIFS([1]EDI!$S$2:$S$10000,"Andrew Ramy", [1]EDI!$Q$2:$Q$10000, "In Progress", [1]EDI!$N$2:$N$10000,"Mapping", [1]EDI!$I$2:$I$10000,"EDI") -> 0 | G5: =COUNTIFS([1]EDI!$S$2:$S$10000,"Andrew Ramy", [1]EDI!$Q$2:$Q$10000, "In Progress", [1]EDI!$N$2:$N$10000,"Testing", [1]EDI!$I$2:$I$10000,"EDI") -> 26 | H5: =COUNTIFS([1]EDI!$S$2:$S$10000,"Andrew Ramy", [1]EDI!$Q$2:$Q$10000, "In Progress", [1]EDI!$N$2:$N$10000,"Ready For Production", [1]EDI!$I$2:$I$10000,"EDI") -> 0 | I5: =LARGE(Dates!D4:D50,1) -> 46215 | K5: =COUNTIFS([1]EDI!$S$2:$S$10000,"Andrew Ramy", [1]EDI!$Q$2:$Q$10000, "In Progress", [1]EDI!$I$2:$I$10000,"Forms") -> 0 | L5: {=SUM(COUNTIFS([1]EDI!$S$2:$S$10000,"Andrew Ramy", [1]EDI!$Q$2:$Q$10000,"In Progress", [1]EDI!$N$2:$N$10000,{"Mapping","Dataset Validation"}, [1]EDI!$I$2:$I$10000,"Forms"))} -> 0 | M5: =COUNTIFS([1]EDI!$S$2:$S$10000,"Andrew Ramy", [1]EDI!$Q$2:$Q$10000, "In Progress", [1]EDI!$N$2:$N$10000,"Testing", [1]EDI!$I$2:$I$10000,"Forms") -> 0 | N5: =COUNTIFS([1]EDI!$S$2:$S$10000,"Andrew Ramy", [1]EDI!$Q$2:$Q$10000, "In Progress", [1]EDI!$P$2:$P$10000,"Migration Testing", [1]EDI!$I$2:$I$10000,"Forms") -> 0 | O5: =COUNTIFS([1]EDI!$S$2:$S$10000,"Andrew Ramy", [1]EDI!$Q$2:$Q$10000, "Live", [1]EDI!$P$2:$P$10000,"Production", [1]EDI!$I$2:$I$10000,"Forms") -> 0 | Q5: =C5+K5 -> 27 | R5: =COUNTIFS( [1]EDI!$S$2:$S$10000,"Andrew Ramy", [1]EDI!$L$2:$L$10000,"<>", [1]EDI!$R$2:$R$10000,">="&DATE(2025,1,1), [1]EDI!$R$2:$R$10000,"<"&DATE(2026,1,1), [1]EDI!$I$2:$I$10000,"EDI" ) -> 56 | S5: =COUNTIFS( [1]EDI!$S$2:$S$10000,"Andrew Ramy", [1]EDI!$L$2:$L$10000,"<>", [1]EDI!$R$2:$R$10000,">="&DATE(2026,1,1), [1]EDI!$I$2:$I$10000,"EDI" ) -> 49
A6: Aya Fathy | C6: =SUM(D6:G6) -> 21 | D6: =COUNTIFS([1]EDI!$S$2:$S$10000,"Aya Fathy", [1]EDI!$Q$2:$Q$10000, "In Progress", [1]EDI!$N$2:$N$10000,"DataSet Validation", [1]EDI!$L$2:$L$10000,"", [1]EDI!$I$2:$I$10000,"EDI") -> 0 | E6: =COUNTIFS([1]EDI!$S$2:$S$10000,"Aya Fathy", [1]EDI!$Q$2:$Q$10000, "In Progress", [1]EDI!$N$2:$N$10000,"Dataset Validation", [1]EDI!$L$2:$L$10000, "<>", [1]EDI!$I$2:$I$10000,"EDI") -> 0 | F6: =COUNTIFS([1]EDI!$S$2:$S$10000,"Aya Fathy", [1]EDI!$Q$2:$Q$10000, "In Progress", [1]EDI!$N$2:$N$10000,"Mapping", [1]EDI!$I$2:$I$10000,"EDI") -> 2 | G6: =COUNTIFS([1]EDI!$S$2:$S$10000,"Aya Fathy", [1]EDI!$Q$2:$Q$10000, "In Progress", [1]EDI!$N$2:$N$10000,"Testing", [1]EDI!$I$2:$I$10000,"EDI") -> 19 | H6: =COUNTIFS([1]EDI!$S$2:$S$10000,"Aya Fathy", [1]EDI!$Q$2:$Q$10000, "In Progress", [1]EDI!$N$2:$N$10000,"Ready For Production", [1]EDI!$I$2:$I$10000,"EDI") -> 0 | I6: =LARGE(Dates!E4:E50,1) -> 46204 | K6: =COUNTIFS([1]EDI!$S$2:$S$10000,"Aya Fathy", [1]EDI!$Q$2:$Q$10000, "In Progress", [1]EDI!$I$2:$I$10000,"Forms") -> 1 | L6: {=SUM(COUNTIFS([1]EDI!$S$2:$S$10000,"Aya Fathy", [1]EDI!$Q$2:$Q$10000,"In Progress", [1]EDI!$N$2:$N$10000,{"Mapping","Dataset Validation"}, [1]EDI!$I$2:$I$10000,"Forms"))} -> 0 | M6: =COUNTIFS([1]EDI!$S$2:$S$10000,"Aya Fathy", [1]EDI!$Q$2:$Q$10000, "In Progress", [1]EDI!$N$2:$N$10000,"Testing", [1]EDI!$I$2:$I$10000,"Forms") -> 1 | N6: =COUNTIFS([1]EDI!$S$2:$S$10000,"Aya Fathy", [1]EDI!$Q$2:$Q$10000, "In Progress", [1]EDI!$P$2:$P$10000,"Migration Testing", [1]EDI!$I$2:$I$10000,"Forms") -> 0 | O6: =COUNTIFS([1]EDI!$S$2:$S$10000,"Aya Fathy", [1]EDI!$Q$2:$Q$10000, "Live", [1]EDI!$P$2:$P$10000,"Production", [1]EDI!$I$2:$I$10000,"Forms") -> 1 | P6: =LARGE('Dates-Forms'!E4:E50,1) -> 46210 | Q6: =C6+K6 -> 22 | R6: =COUNTIFS( [1]EDI!$S$2:$S$10000,"Aya Fathy", [1]EDI!$L$2:$L$10000,"<>", [1]EDI!$R$2:$R$10000,">="&DATE(2025,1,1), [1]EDI!$R$2:$R$10000,"<"&DATE(2026,1,1), [1]EDI!$I$2:$I$10000,"EDI" ) -> 37 | S6: =COUNTIFS( [1]EDI!$S$2:$S$10000,"Aya Fathy", [1]EDI!$L$2:$L$10000,"<>", [1]EDI!$R$2:$R$10000,">="&DATE(2026,1,1), [1]EDI!$I$2:$I$10000,"EDI" ) -> 60
A7: Josephine Ossama | C7: =SUM(D7:G7) -> 22 | D7: =COUNTIFS([1]EDI!$S$2:$S$10000,"Josephine Ossama", [1]EDI!$Q$2:$Q$10000, "In Progress", [1]EDI!$N$2:$N$10000,"DataSet Validation", [1]EDI!$L$2:$L$10000,"", [1]EDI!$I$2:$I$10000,"EDI") -> 0 | E7: =COUNTIFS([1]EDI!$S$2:$S$10000,"Josephine Ossama", [1]EDI!$Q$2:$Q$10000, "In Progress", [1]EDI!$N$2:$N$10000,"Dataset Validation", [1]EDI!$L$2:$L$10000, "<>", [1]EDI!$I$2:$I$10000,"EDI") -> 0 | F7: =COUNTIFS([1]EDI!$S$2:$S$10000,"Josephine Ossama", [1]EDI!$Q$2:$Q$10000, "In Progress", [1]EDI!$N$2:$N$10000,"Mapping", [1]EDI!$I$2:$I$10000,"EDI") -> 8 | G7: =COUNTIFS([1]EDI!$S$2:$S$10000,"Josephine Ossama", [1]EDI!$Q$2:$Q$10000, "In Progress", [1]EDI!$N$2:$N$10000,"Testing", [1]EDI!$I$2:$I$10000,"EDI") -> 14 | H7: =COUNTIFS([1]EDI!$S$2:$S$10000,"Josephine Ossama", [1]EDI!$Q$2:$Q$10000, "In Progress", [1]EDI!$N$2:$N$10000,"Ready For Production", [1]EDI!$I$2:$I$10000,"EDI") -> 1 | I7: =LARGE(Dates!Y4:Y50,1) -> 46215 | K7: =COUNTIFS([1]EDI!$S$2:$S$10000,"Josephine Ossama", [1]EDI!$Q$2:$Q$10000, "In Progress", [1]EDI!$I$2:$I$10000,"Forms") -> 0 | L7: {=SUM(COUNTIFS([1]EDI!$S$2:$S$10000,"Josephine Ossama", [1]EDI!$Q$2:$Q$10000,"In Progress", [1]EDI!$N$2:$N$10000,{"Mapping","Dataset Validation"}, [1]EDI!$I$2:$I$10000,"Forms"))} -> 0 | M7: =COUNTIFS([1]EDI!$S$2:$S$10000,"Josephine Ossama", [1]EDI!$Q$2:$Q$10000, "In Progress", [1]EDI!$N$2:$N$10000,"Testing", [1]EDI!$I$2:$I$10000,"Forms") -> 0 | N7: =COUNTIFS([1]EDI!$S$2:$S$10000,"Josephine Ossama", [1]EDI!$Q$2:$Q$10000, "In Progress", [1]EDI!$P$2:$P$10000,"Migration Testing", [1]EDI!$I$2:$I$10000,"Forms") -> 0 | O7: =COUNTIFS([1]EDI!$S$2:$S$10000,"Josephine Ossama", [1]EDI!$Q$2:$Q$10000, "Live", [1]EDI!$P$2:$P$10000,"Production", [1]EDI!$I$2:$I$10000,"Forms") -> 0 | Q7: =C7+K7 -> 22 | R7: =COUNTIFS( [1]EDI!$S$2:$S$10000,"Josephine Ossama", [1]EDI!$L$2:$L$10000,"<>", [1]EDI!$R$2:$R$10000,">="&DATE(2025,1,1), [1]EDI!$R$2:$R$10000,"<"&DATE(2026,1,1), [1]EDI!$I$2:$I$10000,"EDI" ) -> 44 | S7: =COUNTIFS( [1]EDI!$S$2:$S$10000,"Josephine Ossama", [1]EDI!$L$2:$L$10000,"<>", [1]EDI!$R$2:$R$10000,">="&DATE(2026,1,1), [1]EDI!$I$2:$I$10000,"EDI" ) -> 29
A8: Karen Ramy | C8: =SUM(D8:G8) -> 16 | D8: =COUNTIFS([1]EDI!$S$2:$S$10000,"Karen Ramy", [1]EDI!$Q$2:$Q$10000, "In Progress", [1]EDI!$N$2:$N$10000,"DataSet Validation", [1]EDI!$L$2:$L$10000,"", [1]EDI!$I$2:$I$10000,"EDI") -> 0 | E8: =COUNTIFS([1]EDI!$S$2:$S$10000,"Karen Ramy", [1]EDI!$Q$2:$Q$10000, "In Progress", [1]EDI!$N$2:$N$10000,"Dataset Validation", [1]EDI!$L$2:$L$10000, "<>", [1]EDI!$I$2:$I$10000,"EDI") -> 0 | F8: =COUNTIFS([1]EDI!$S$2:$S$10000,"Karen Ramy", [1]EDI!$Q$2:$Q$10000, "In Progress", [1]EDI!$N$2:$N$10000,"Mapping", [1]EDI!$I$2:$I$10000,"EDI") -> 11 | G8: =COUNTIFS([1]EDI!$S$2:$S$10000,"Karen Ramy", [1]EDI!$Q$2:$Q$10000, "In Progress", [1]EDI!$N$2:$N$10000,"Testing", [1]EDI!$I$2:$I$10000,"EDI") -> 5 | H8: =COUNTIFS([1]EDI!$S$2:$S$10000,"Karen Ramy", [1]EDI!$Q$2:$Q$10000, "In Progress", [1]EDI!$N$2:$N$10000,"Ready For Production", [1]EDI!$I$2:$I$10000,"EDI") -> 1 | I8: =LARGE(Dates!R4:R50,1) -> 46211 | K8: =COUNTIFS([1]EDI!$S$2:$S$10000,"Karen Ramy", [1]EDI!$Q$2:$Q$10000, "In Progress", [1]EDI!$I$2:$I$10000,"Forms") -> 0 | L8: {=SUM(COUNTIFS([1]EDI!$S$2:$S$10000,"Karen Ramy", [1]EDI!$Q$2:$Q$10000,"In Progress", [1]EDI!$N$2:$N$10000,{"Mapping","Dataset Validation"}, [1]EDI!$I$2:$I$10000,"Forms"))} -> 0 | M8: =COUNTIFS([1]EDI!$S$2:$S$10000,"Karen Ramy", [1]EDI!$Q$2:$Q$10000, "In Progress", [1]EDI!$N$2:$N$10000,"Testing", [1]EDI!$I$2:$I$10000,"Forms") -> 0 | N8: =COUNTIFS([1]EDI!$S$2:$S$10000,"Karen Ramy", [1]EDI!$Q$2:$Q$10000, "In Progress", [1]EDI!$P$2:$P$10000,"Migration Testing", [1]EDI!$I$2:$I$10000,"Forms") -> 0 | O8: =COUNTIFS([1]EDI!$S$2:$S$10000,"Karen Ramy", [1]EDI!$Q$2:$Q$10000, "Live", [1]EDI!$P$2:$P$10000,"Production", [1]EDI!$I$2:$I$10000,"Forms") -> 2 | Q8: =C8+K8 -> 16 | R8: =COUNTIFS( [1]EDI!$S$2:$S$10000,"Karen Ramy", [1]EDI!$L$2:$L$10000,"<>", [1]EDI!$R$2:$R$10000,">="&DATE(2025,1,1), [1]EDI!$R$2:$R$10000,"<"&DATE(2026,1,1), [1]EDI!$I$2:$I$10000,"EDI" ) -> 52 | S8: =COUNTIFS( [1]EDI!$S$2:$S$10000,"Karen Ramy", [1]EDI!$L$2:$L$10000,"<>", [1]EDI!$R$2:$R$10000,">="&DATE(2026,1,1), [1]EDI!$I$2:$I$10000,"EDI" ) -> 41
A9: Mark Albert | C9: =SUM(D9:G9) -> 22 | D9: =COUNTIFS([1]EDI!$S$2:$S$10000,"Mark Albert", [1]EDI!$Q$2:$Q$10000, "In Progress", [1]EDI!$N$2:$N$10000,"DataSet Validation", [1]EDI!$L$2:$L$10000,"", [1]EDI!$I$2:$I$10000,"EDI") -> 0 | E9: =COUNTIFS([1]EDI!$S$2:$S$10000,"Mark Albert", [1]EDI!$Q$2:$Q$10000, "In Progress", [1]EDI!$N$2:$N$10000,"Dataset Validation", [1]EDI!$L$2:$L$10000, "<>", [1]EDI!$I$2:$I$10000,"EDI") -> 0 | F9: =COUNTIFS([1]EDI!$S$2:$S$10000,"Mark Albert", [1]EDI!$Q$2:$Q$10000, "In Progress", [1]EDI!$N$2:$N$10000,"Mapping", [1]EDI!$I$2:$I$10000,"EDI") -> 10 | G9: =COUNTIFS([1]EDI!$S$2:$S$10000,"Mark Albert", [1]EDI!$Q$2:$Q$10000, "In Progress", [1]EDI!$N$2:$N$10000,"Testing", [1]EDI!$I$2:$I$10000,"EDI") -> 12 | H9: =COUNTIFS([1]EDI!$S$2:$S$10000,"Mark Albert", [1]EDI!$Q$2:$Q$10000, "In Progress", [1]EDI!$N$2:$N$10000,"Ready For Production", [1]EDI!$I$2:$I$10000,"EDI") -> 0 | I9: =LARGE(Dates!X4:X50,1) -> 46215 | K9: =COUNTIFS([1]EDI!$S$2:$S$10000,"Mark Albert", [1]EDI!$Q$2:$Q$10000, "In Progress", [1]EDI!$I$2:$I$10000,"Forms") -> 2 | L9: {=SUM(COUNTIFS([1]EDI!$S$2:$S$10000,"Mark Albert", [1]EDI!$Q$2:$Q$10000,"In Progress", [1]EDI!$N$2:$N$10000,{"Mapping","Dataset Validation"}, [1]EDI!$I$2:$I$10000,"Forms"))} -> 0 | M9: =COUNTIFS([1]EDI!$S$2:$S$10000,"Mark Albert", [1]EDI!$Q$2:$Q$10000, "In Progress", [1]EDI!$N$2:$N$10000,"Testing", [1]EDI!$I$2:$I$10000,"Forms") -> 0 | N9: =COUNTIFS([1]EDI!$S$2:$S$10000,"Mark Albert", [1]EDI!$Q$2:$Q$10000, "In Progress", [1]EDI!$P$2:$P$10000,"Migration Testing", [1]EDI!$I$2:$I$10000,"Forms") -> 0 | O9: =COUNTIFS([1]EDI!$S$2:$S$10000,"Mark Albert", [1]EDI!$Q$2:$Q$10000, "Live", [1]EDI!$P$2:$P$10000,"Production", [1]EDI!$I$2:$I$10000,"Forms") -> 1 | P9: =LARGE('Dates-Forms'!X4:X50,1) -> 46176 | Q9: =C9+K9 -> 24 | R9: =COUNTIFS( [1]EDI!$S$2:$S$10000,"Mark Albert", [1]EDI!$L$2:$L$10000,"<>", [1]EDI!$R$2:$R$10000,">="&DATE(2025,1,1), [1]EDI!$R$2:$R$10000,"<"&DATE(2026,1,1), [1]EDI!$I$2:$I$10000,"EDI" ) -> 38 | S9: =COUNTIFS( [1]EDI!$S$2:$S$10000,"Mark Albert", [1]EDI!$L$2:$L$10000,"<>", [1]EDI!$R$2:$R$10000,">="&DATE(2026,1,1), [1]EDI!$I$2:$I$10000,"EDI" ) -> 43
A10: Marwan Tawfik | C10: =SUM(D10:G10) -> 6 | D10: =COUNTIFS([1]EDI!$S$2:$S$10000,"Marwan Tawfik", [1]EDI!$Q$2:$Q$10000, "In Progress", [1]EDI!$N$2:$N$10000,"DataSet Validation", [1]EDI!$L$2:$L$10000,"", [1]EDI!$I$2:$I$10000,"EDI") -> 0 | E10: =COUNTIFS([1]EDI!$S$2:$S$10000,"Marwan Tawfik", [1]EDI!$Q$2:$Q$10000, "In Progress", [1]EDI!$N$2:$N$10000,"Dataset Validation", [1]EDI!$L$2:$L$10000, "<>", [1]EDI!$I$2:$I$10000,"EDI") -> 0 | F10: =COUNTIFS([1]EDI!$S$2:$S$10000,"Marwan Tawfik", [1]EDI!$Q$2:$Q$10000, "In Progress", [1]EDI!$N$2:$N$10000,"Mapping", [1]EDI!$I$2:$I$10000,"EDI") -> 0 | G10: =COUNTIFS([1]EDI!$S$2:$S$10000,"Marwan Tawfik", [1]EDI!$Q$2:$Q$10000, "In Progress", [1]EDI!$N$2:$N$10000,"Testing", [1]EDI!$I$2:$I$10000,"EDI") -> 6 | H10: =COUNTIFS([1]EDI!$S$2:$S$10000,"Marwan Tawfik", [1]EDI!$Q$2:$Q$10000, "In Progress", [1]EDI!$N$2:$N$10000,"Ready For Production", [1]EDI!$I$2:$I$10000,"EDI") -> 0 | I10: =LARGE(Dates!I4:I50,1) -> 46132 | K10: =COUNTIFS([1]EDI!$S$2:$S$10000,"Marwan Tawfik", [1]EDI!$Q$2:$Q$10000, "In Progress", [1]EDI!$I$2:$I$10000,"Forms") -> 0 | L10: {=SUM(COUNTIFS([1]EDI!$S$2:$S$10000,"Marwan Tawfik", [1]EDI!$Q$2:$Q$10000,"In Progress", [1]EDI!$N$2:$N$10000,{"Mapping","Dataset Validation"}, [1]EDI!$I$2:$I$10000,"Forms"))} -> 0 | M10: =COUNTIFS([1]EDI!$S$2:$S$10000,"Marwan Tawfik", [1]EDI!$Q$2:$Q$10000, "In Progress", [1]EDI!$N$2:$N$10000,"Testing", [1]EDI!$I$2:$I$10000,"Forms") -> 0 | N10: =COUNTIFS([1]EDI!$S$2:$S$10000,"Marwan Tawfik", [1]EDI!$Q$2:$Q$10000, "In Progress", [1]EDI!$P$2:$P$10000,"Migration Testing", [1]EDI!$I$2:$I$10000,"Forms") -> 0 | O10: =COUNTIFS([1]EDI!$S$2:$S$10000,"Marwan Tawfik", [1]EDI!$Q$2:$Q$10000, "Live", [1]EDI!$P$2:$P$10000,"Production", [1]EDI!$I$2:$I$10000,"Forms") -> 0 | Q10: =C10+K10 -> 6 | R10: =COUNTIFS( [1]EDI!$S$2:$S$10000,"Marwan Tawfik", [1]EDI!$L$2:$L$10000,"<>", [1]EDI!$R$2:$R$10000,">="&DATE(2025,1,1), [1]EDI!$R$2:$R$10000,"<"&DATE(2026,1,1), [1]EDI!$I$2:$I$10000,"EDI" ) -> 46 | S10: =COUNTIFS( [1]EDI!$S$2:$S$10000,"Marwan Tawfik", [1]EDI!$L$2:$L$10000,"<>", [1]EDI!$R$2:$R$10000,">="&DATE(2026,1,1), [1]EDI!$I$2:$I$10000,"EDI" ) -> 17
A11: Mina Adel | C11: =SUM(D11:G11) -> 1 | D11: =COUNTIFS([1]EDI!$S$2:$S$10000,"Mina Adel", [1]EDI!$Q$2:$Q$10000, "In Progress", [1]EDI!$N$2:$N$10000,"DataSet Validation", [1]EDI!$L$2:$L$10000,"", [1]EDI!$I$2:$I$10000,"EDI") -> 0 | E11: =COUNTIFS([1]EDI!$S$2:$S$10000,"Mina Adel", [1]EDI!$Q$2:$Q$10000, "In Progress", [1]EDI!$N$2:$N$10000,"Dataset Validation", [1]EDI!$L$2:$L$10000, "<>", [1]EDI!$I$2:$I$10000,"EDI") -> 0 | F11: =COUNTIFS([1]EDI!$S$2:$S$10000,"Mina Adel", [1]EDI!$Q$2:$Q$10000, "In Progress", [1]EDI!$N$2:$N$10000,"Mapping", [1]EDI!$I$2:$I$10000,"EDI") -> 1 | G11: =COUNTIFS([1]EDI!$S$2:$S$10000,"Mina Adel", [1]EDI!$Q$2:$Q$10000, "In Progress", [1]EDI!$N$2:$N$10000,"Testing", [1]EDI!$I$2:$I$10000,"EDI") -> 0 | H11: =COUNTIFS([1]EDI!$S$2:$S$10000,"Mina Adel", [1]EDI!$Q$2:$Q$10000, "In Progress", [1]EDI!$N$2:$N$10000,"Ready For Production", [1]EDI!$I$2:$I$10000,"EDI") -> 0 | I11: =LARGE(Dates!J4:J50,1) -> 45249 | K11: =COUNTIFS([1]EDI!$S$2:$S$10000,"Mina Adel", [1]EDI!$Q$2:$Q$10000, "In Progress", [1]EDI!$I$2:$I$10000,"Forms") -> 0 | L11: {=SUM(COUNTIFS([1]EDI!$S$2:$S$10000,"Mina Adel", [1]EDI!$Q$2:$Q$10000,"In Progress", [1]EDI!$N$2:$N$10000,{"Mapping","Dataset Validation"}, [1]EDI!$I$2:$I$10000,"Forms"))} -> 0 | M11: =COUNTIFS([1]EDI!$S$2:$S$10000,"Mina Adel", [1]EDI!$Q$2:$Q$10000, "In Progress", [1]EDI!$N$2:$N$10000,"Testing", [1]EDI!$I$2:$I$10000,"Forms") -> 0 | N11: =COUNTIFS([1]EDI!$S$2:$S$10000,"Mina Adel", [1]EDI!$Q$2:$Q$10000, "In Progress", [1]EDI!$P$2:$P$10000,"Migration Testing", [1]EDI!$I$2:$I$10000,"Forms") -> 0 | O11: =COUNTIFS([1]EDI!$S$2:$S$10000,"Mina Adel", [1]EDI!$Q$2:$Q$10000, "Live", [1]EDI!$P$2:$P$10000,"Production", [1]EDI!$I$2:$I$10000,"Forms") -> 0 | Q11: =C11+K11 -> 1 | R11: =COUNTIFS( [1]EDI!$S$2:$S$10000,"Mina Adel", [1]EDI!$L$2:$L$10000,"<>", [1]EDI!$R$2:$R$10000,">="&DATE(2025,1,1), [1]EDI!$R$2:$R$10000,"<"&DATE(2026,1,1), [1]EDI!$I$2:$I$10000,"EDI" ) -> 14 | S11: =COUNTIFS( [1]EDI!$S$2:$S$10000,"Mina Adel", [1]EDI!$L$2:$L$10000,"<>", [1]EDI!$R$2:$R$10000,">="&DATE(2026,1,1), [1]EDI!$I$2:$I$10000,"EDI" ) -> 0
A12: Mina George | C12: =SUM(D12:G12) -> 0 | D12: =COUNTIFS([1]EDI!$S$2:$S$10000,"Mina George", [1]EDI!$Q$2:$Q$10000, "In Progress", [1]EDI!$N$2:$N$10000,"DataSet Validation", [1]EDI!$L$2:$L$10000,"", [1]EDI!$I$2:$I$10000,"EDI") -> 0 | E12: =COUNTIFS([1]EDI!$S$2:$S$10000,"Mina George", [1]EDI!$Q$2:$Q$10000, "In Progress", [1]EDI!$N$2:$N$10000,"Dataset Validation", [1]EDI!$L$2:$L$10000, "<>", [1]EDI!$I$2:$I$10000,"EDI") -> 0 | F12: =COUNTIFS([1]EDI!$S$2:$S$10000,"Mina George", [1]EDI!$Q$2:$Q$10000, "In Progress", [1]EDI!$N$2:$N$10000,"Mapping", [1]EDI!$I$2:$I$10000,"EDI") -> 0 | G12: =COUNTIFS([1]EDI!$S$2:$S$10000,"Mina George", [1]EDI!$Q$2:$Q$10000, "In Progress", [1]EDI!$N$2:$N$10000,"Testing", [1]EDI!$I$2:$I$10000,"EDI") -> 0 | H12: =COUNTIFS([1]EDI!$S$2:$S$10000,"Mina George", [1]EDI!$Q$2:$Q$10000, "In Progress", [1]EDI!$N$2:$N$10000,"Ready For Production", [1]EDI!$I$2:$I$10000,"EDI") -> 0 | I12: =LARGE(Dates!K4:K50,1) -> #NUM! | K12: =COUNTIFS([1]EDI!$S$2:$S$10000,"Mina George", [1]EDI!$Q$2:$Q$10000, "In Progress", [1]EDI!$I$2:$I$10000,"Forms") -> 0 | L12: {=SUM(COUNTIFS([1]EDI!$S$2:$S$10000,"Mina George", [1]EDI!$Q$2:$Q$10000,"In Progress", [1]EDI!$N$2:$N$10000,{"Mapping","Dataset Validation"}, [1]EDI!$I$2:$I$10000,"Forms"))} -> 0 | M12: =COUNTIFS([1]EDI!$S$2:$S$10000,"Mina George", [1]EDI!$Q$2:$Q$10000, "In Progress", [1]EDI!$N$2:$N$10000,"Testing", [1]EDI!$I$2:$I$10000,"Forms") -> 0 | N12: =COUNTIFS([1]EDI!$S$2:$S$10000,"Mina George", [1]EDI!$Q$2:$Q$10000, "In Progress", [1]EDI!$P$2:$P$10000,"Migration Testing", [1]EDI!$I$2:$I$10000,"Forms") -> 0 | O12: =COUNTIFS([1]EDI!$S$2:$S$10000,"Mina George", [1]EDI!$Q$2:$Q$10000, "Live", [1]EDI!$P$2:$P$10000,"Production", [1]EDI!$I$2:$I$10000,"Forms") -> 0 | Q12: =C12+K12 -> 0 | R12: =COUNTIFS( [1]EDI!$S$2:$S$10000,"Mina George", [1]EDI!$L$2:$L$10000,"<>", [1]EDI!$R$2:$R$10000,">="&DATE(2025,1,1), [1]EDI!$R$2:$R$10000,"<"&DATE(2026,1,1), [1]EDI!$I$2:$I$10000,"EDI" ) -> 16 | S12: =COUNTIFS( [1]EDI!$S$2:$S$10000,"Mina George", [1]EDI!$L$2:$L$10000,"<>", [1]EDI!$R$2:$R$10000,">="&DATE(2026,1,1), [1]EDI!$I$2:$I$10000,"EDI" ) -> 0
A13: Karim Tarek | C13: =SUM(D13:G13) -> 0 | D13: =COUNTIFS([1]EDI!$S$2:$S$10000,"Karim Tarek", [1]EDI!$Q$2:$Q$10000, "In Progress", [1]EDI!$N$2:$N$10000,"DataSet Validation", [1]EDI!$L$2:$L$10000,"", [1]EDI!$I$2:$I$10000,"EDI") -> 0 | E13: =COUNTIFS([1]EDI!$S$2:$S$10000,"Karim Tarek", [1]EDI!$Q$2:$Q$10000, "In Progress", [1]EDI!$N$2:$N$10000,"Dataset Validation", [1]EDI!$L$2:$L$10000, "<>", [1]EDI!$I$2:$I$10000,"EDI") -> 0 | F13: =COUNTIFS([1]EDI!$S$2:$S$10000,"Karim Tarek", [1]EDI!$Q$2:$Q$10000, "In Progress", [1]EDI!$N$2:$N$10000,"Mapping", [1]EDI!$I$2:$I$10000,"EDI") -> 0 | G13: =COUNTIFS([1]EDI!$S$2:$S$10000,"Karim Tarek", [1]EDI!$Q$2:$Q$10000, "In Progress", [1]EDI!$N$2:$N$10000,"Testing", [1]EDI!$I$2:$I$10000,"EDI") -> 0 | H13: =COUNTIFS([1]EDI!$S$2:$S$10000,"Karim Tarek", [1]EDI!$Q$2:$Q$10000, "In Progress", [1]EDI!$N$2:$N$10000,"Ready For Production", [1]EDI!$I$2:$I$10000,"EDI") -> 0 | I13: =LARGE(Dates!S4:S50,1) -> 46198 | K13: =COUNTIFS([1]EDI!$S$2:$S$10000,"Karim Tarek", [1]EDI!$Q$2:$Q$10000, "In Progress", [1]EDI!$I$2:$I$10000,"Forms") -> 1 | L13: {=SUM(COUNTIFS([1]EDI!$S$2:$S$10000,"Karim Tarek", [1]EDI!$Q$2:$Q$10000,"In Progress", [1]EDI!$N$2:$N$10000,{"Mapping","Dataset Validation"}, [1]EDI!$I$2:$I$10000,"Forms"))} -> 0 | M13: =COUNTIFS([1]EDI!$S$2:$S$10000,"Karim Tarek", [1]EDI!$Q$2:$Q$10000, "In Progress", [1]EDI!$N$2:$N$10000,"Testing", [1]EDI!$I$2:$I$10000,"Forms") -> 0 | N13: =COUNTIFS([1]EDI!$S$2:$S$10000,"Karim Tarek", [1]EDI!$Q$2:$Q$10000, "In Progress", [1]EDI!$P$2:$P$10000,"Migration Testing", [1]EDI!$I$2:$I$10000,"Forms") -> 1 | O13: =COUNTIFS([1]EDI!$S$2:$S$10000,"Karim Tarek", [1]EDI!$Q$2:$Q$10000, "Live", [1]EDI!$P$2:$P$10000,"Production", [1]EDI!$I$2:$I$10000,"Forms") -> 0 | P13: =LARGE('Dates-Forms'!S4:S50,1) -> 46033 | Q13: =C13+K13 -> 1 | R13: =COUNTIFS( [1]EDI!$S$2:$S$10000,"Karim Tarek", [1]EDI!$L$2:$L$10000,"<>", [1]EDI!$R$2:$R$10000,">="&DATE(2025,1,1), [1]EDI!$R$2:$R$10000,"<"&DATE(2026,1,1), [1]EDI!$I$2:$I$10000,"EDI" ) -> 40 | S13: =COUNTIFS( [1]EDI!$S$2:$S$10000,"Karim Tarek", [1]EDI!$L$2:$L$10000,"<>", [1]EDI!$R$2:$R$10000,">="&DATE(2026,1,1), [1]EDI!$I$2:$I$10000,"EDI" ) -> 1
A14: Mirna Azmy | C14: =SUM(D14:G14) -> 25 | D14: =COUNTIFS([1]EDI!$S$2:$S$10000,"Mirna Azmy", [1]EDI!$Q$2:$Q$10000, "In Progress", [1]EDI!$N$2:$N$10000,"DataSet Validation", [1]EDI!$L$2:$L$10000,"", [1]EDI!$I$2:$I$10000,"EDI") -> 1 | E14: =COUNTIFS([1]EDI!$S$2:$S$10000,"Mirna Azmy", [1]EDI!$Q$2:$Q$10000, "In Progress", [1]EDI!$N$2:$N$10000,"Dataset Validation", [1]EDI!$L$2:$L$10000, "<>", [1]EDI!$I$2:$I$10000,"EDI") -> 1 | F14: =COUNTIFS([1]EDI!$S$2:$S$10000,"Mirna Azmy", [1]EDI!$Q$2:$Q$10000, "In Progress", [1]EDI!$N$2:$N$10000,"Mapping", [1]EDI!$I$2:$I$10000,"EDI") -> 6 | G14: =COUNTIFS([1]EDI!$S$2:$S$10000,"Mirna Azmy", [1]EDI!$Q$2:$Q$10000, "In Progress", [1]EDI!$N$2:$N$10000,"Testing", [1]EDI!$I$2:$I$10000,"EDI") -> 17 | H14: =COUNTIFS([1]EDI!$S$2:$S$10000,"Mirna Azmy", [1]EDI!$Q$2:$Q$10000, "In Progress", [1]EDI!$N$2:$N$10000,"Ready For Production", [1]EDI!$I$2:$I$10000,"EDI") -> 3 | I14: =LARGE(Dates!M4:M50,1) -> 46215 | K14: =COUNTIFS([1]EDI!$S$2:$S$10000,"Mirna Azmy", [1]EDI!$Q$2:$Q$10000, "In Progress", [1]EDI!$I$2:$I$10000,"Forms") -> 0 | L14: {=SUM(COUNTIFS([1]EDI!$S$2:$S$10000,"Mirna Azmy", [1]EDI!$Q$2:$Q$10000,"In Progress", [1]EDI!$N$2:$N$10000,{"Mapping","Dataset Validation"}, [1]EDI!$I$2:$I$10000,"Forms"))} -> 0 | M14: =COUNTIFS([1]EDI!$S$2:$S$10000,"Mirna Azmy", [1]EDI!$Q$2:$Q$10000, "In Progress", [1]EDI!$N$2:$N$10000,"Testing", [1]EDI!$I$2:$I$10000,"Forms") -> 0 | N14: =COUNTIFS([1]EDI!$S$2:$S$10000,"Mirna Azmy", [1]EDI!$Q$2:$Q$10000, "In Progress", [1]EDI!$P$2:$P$10000,"Migration Testing", [1]EDI!$I$2:$I$10000,"Forms") -> 0 | O14: =COUNTIFS([1]EDI!$S$2:$S$10000,"Mirna Azmy", [1]EDI!$Q$2:$Q$10000, "Live", [1]EDI!$P$2:$P$10000,"Production", [1]EDI!$I$2:$I$10000,"Forms") -> 2 | Q14: =C14+K14 -> 25 | R14: =COUNTIFS( [1]EDI!$S$2:$S$10000,"Mirna Azmy", [1]EDI!$L$2:$L$10000,"<>", [1]EDI!$R$2:$R$10000,">="&DATE(2025,1,1), [1]EDI!$R$2:$R$10000,"<"&DATE(2026,1,1), [1]EDI!$I$2:$I$10000,"EDI" ) -> 68 | S14: =COUNTIFS( [1]EDI!$S$2:$S$10000,"Mirna Azmy", [1]EDI!$L$2:$L$10000,"<>", [1]EDI!$R$2:$R$10000,">="&DATE(2026,1,1), [1]EDI!$I$2:$I$10000,"EDI" ) -> 56
A15: Omnia Abdelaziz | C15: =SUM(D15:G15) -> 21 | D15: =COUNTIFS([1]EDI!$S$2:$S$10000,"Omnia Abdelaziz", [1]EDI!$Q$2:$Q$10000, "In Progress", [1]EDI!$N$2:$N$10000,"DataSet Validation", [1]EDI!$L$2:$L$10000,"", [1]EDI!$I$2:$I$10000,"EDI") -> 0 | E15: =COUNTIFS([1]EDI!$S$2:$S$10000,"Omnia Abdelaziz", [1]EDI!$Q$2:$Q$10000, "In Progress", [1]EDI!$N$2:$N$10000,"Dataset Validation", [1]EDI!$L$2:$L$10000, "<>", [1]EDI!$I$2:$I$10000,"EDI") -> 0 | F15: =COUNTIFS([1]EDI!$S$2:$S$10000,"Omnia Abdelaziz", [1]EDI!$Q$2:$Q$10000, "In Progress", [1]EDI!$N$2:$N$10000,"Mapping", [1]EDI!$I$2:$I$10000,"EDI") -> 7 | G15: =COUNTIFS([1]EDI!$S$2:$S$10000,"Omnia Abdelaziz", [1]EDI!$Q$2:$Q$10000, "In Progress", [1]EDI!$N$2:$N$10000,"Testing", [1]EDI!$I$2:$I$10000,"EDI") -> 14 | H15: =COUNTIFS([1]EDI!$S$2:$S$10000,"Omnia Abdelaziz", [1]EDI!$Q$2:$Q$10000, "In Progress", [1]EDI!$N$2:$N$10000,"Ready For Production", [1]EDI!$I$2:$I$10000,"EDI") -> 3 | I15: =LARGE(Dates!P4:P50,1) -> 46215 | K15: =COUNTIFS([1]EDI!$S$2:$S$10000,"Omnia Abdelaziz", [1]EDI!$Q$2:$Q$10000, "In Progress", [1]EDI!$I$2:$I$10000,"Forms") -> 0 | L15: {=SUM(COUNTIFS([1]EDI!$S$2:$S$10000,"Omnia Abdelaziz", [1]EDI!$Q$2:$Q$10000,"In Progress", [1]EDI!$N$2:$N$10000,{"Mapping","Dataset Validation"}, [1]EDI!$I$2:$I$10000,"Forms"))} -> 0 | M15: =COUNTIFS([1]EDI!$S$2:$S$10000,"Omnia Abdelaziz", [1]EDI!$Q$2:$Q$10000, "In Progress", [1]EDI!$N$2:$N$10000,"Testing", [1]EDI!$I$2:$I$10000,"Forms") -> 0 | N15: =COUNTIFS([1]EDI!$S$2:$S$10000,"Omnia Abdelaziz", [1]EDI!$Q$2:$Q$10000, "In Progress", [1]EDI!$P$2:$P$10000,"Migration Testing", [1]EDI!$I$2:$I$10000,"Forms") -> 0 | O15: =COUNTIFS([1]EDI!$S$2:$S$10000,"Omnia Abdelaziz", [1]EDI!$Q$2:$Q$10000, "Live", [1]EDI!$P$2:$P$10000,"Production", [1]EDI!$I$2:$I$10000,"Forms") -> 3 | Q15: =C15+K15 -> 21 | R15: =COUNTIFS( [1]EDI!$S$2:$S$10000,"Omnia Abdelaziz", [1]EDI!$L$2:$L$10000,"<>", [1]EDI!$R$2:$R$10000,">="&DATE(2025,1,1), [1]EDI!$R$2:$R$10000,"<"&DATE(2026,1,1), [1]EDI!$I$2:$I$10000,"EDI" ) -> 61 | S15: =COUNTIFS( [1]EDI!$S$2:$S$10000,"Omnia Abdelaziz", [1]EDI!$L$2:$L$10000,"<>", [1]EDI!$R$2:$R$10000,">="&DATE(2026,1,1), [1]EDI!$I$2:$I$10000,"EDI" ) -> 57
A16: Reem Radwan | C16: =SUM(D16:G16) -> 23 | D16: =COUNTIFS([1]EDI!$S$2:$S$10000,"Reem Radwan", [1]EDI!$Q$2:$Q$10000, "In Progress", [1]EDI!$N$2:$N$10000,"DataSet Validation", [1]EDI!$L$2:$L$10000,"", [1]EDI!$I$2:$I$10000,"EDI") -> 1 | E16: =COUNTIFS([1]EDI!$S$2:$S$10000,"Reem Radwan", [1]EDI!$Q$2:$Q$10000, "In Progress", [1]EDI!$N$2:$N$10000,"Dataset Validation", [1]EDI!$L$2:$L$10000, "<>", [1]EDI!$I$2:$I$10000,"EDI") -> 0 | F16: =COUNTIFS([1]EDI!$S$2:$S$10000,"Reem Radwan", [1]EDI!$Q$2:$Q$10000, "In Progress", [1]EDI!$N$2:$N$10000,"Mapping", [1]EDI!$I$2:$I$10000,"EDI") -> 6 | G16: =COUNTIFS([1]EDI!$S$2:$S$10000,"Reem Radwan", [1]EDI!$Q$2:$Q$10000, "In Progress", [1]EDI!$N$2:$N$10000,"Testing", [1]EDI!$I$2:$I$10000,"EDI") -> 16 | H16: =COUNTIFS([1]EDI!$S$2:$S$10000,"Reem Radwan", [1]EDI!$Q$2:$Q$10000, "In Progress", [1]EDI!$N$2:$N$10000,"Ready For Production", [1]EDI!$I$2:$I$10000,"EDI") -> 0 | I16: =LARGE(Dates!Q4:Q50,1) -> 46215 | K16: =COUNTIFS([1]EDI!$S$2:$S$10000,"Reem Radwan", [1]EDI!$Q$2:$Q$10000, "In Progress", [1]EDI!$I$2:$I$10000,"Forms") -> 4 | L16: {=SUM(COUNTIFS([1]EDI!$S$2:$S$10000,"Reem Radwan", [1]EDI!$Q$2:$Q$10000,"In Progress", [1]EDI!$N$2:$N$10000,{"Mapping","Dataset Validation"}, [1]EDI!$I$2:$I$10000,"Forms"))} -> 1 | M16: =COUNTIFS([1]EDI!$S$2:$S$10000,"Reem Radwan", [1]EDI!$Q$2:$Q$10000, "In Progress", [1]EDI!$N$2:$N$10000,"Testing", [1]EDI!$I$2:$I$10000,"Forms") -> 1 | N16: =COUNTIFS([1]EDI!$S$2:$S$10000,"Reem Radwan", [1]EDI!$Q$2:$Q$10000, "In Progress", [1]EDI!$P$2:$P$10000,"Migration Testing", [1]EDI!$I$2:$I$10000,"Forms") -> 1 | O16: =COUNTIFS([1]EDI!$S$2:$S$10000,"Reem Radwan", [1]EDI!$Q$2:$Q$10000, "Live", [1]EDI!$P$2:$P$10000,"Production", [1]EDI!$I$2:$I$10000,"Forms") -> 4 | P16: =LARGE('Dates-Forms'!Q4:Q50,1) -> 46188 | Q16: =C16+K16 -> 27 | R16: =COUNTIFS( [1]EDI!$S$2:$S$10000,"Reem Radwan", [1]EDI!$L$2:$L$10000,"<>", [1]EDI!$R$2:$R$10000,">="&DATE(2025,1,1), [1]EDI!$R$2:$R$10000,"<"&DATE(2026,1,1), [1]EDI!$I$2:$I$10000,"EDI" ) -> 51 | S16: =COUNTIFS( [1]EDI!$S$2:$S$10000,"Reem Radwan", [1]EDI!$L$2:$L$10000,"<>", [1]EDI!$R$2:$R$10000,">="&DATE(2026,1,1), [1]EDI!$I$2:$I$10000,"EDI" ) -> 44
A17: Zeyad khaled | C17: =SUM(D17:G17) -> 22 | D17: =COUNTIFS([1]EDI!$S$2:$S$10000,"Zeyad khaled", [1]EDI!$Q$2:$Q$10000, "In Progress", [1]EDI!$N$2:$N$10000,"DataSet Validation", [1]EDI!$L$2:$L$10000,"", [1]EDI!$I$2:$I$10000,"EDI") -> 1 | E17: =COUNTIFS([1]EDI!$S$2:$S$10000,"Zeyad khaled", [1]EDI!$Q$2:$Q$10000, "In Progress", [1]EDI!$N$2:$N$10000,"Dataset Validation", [1]EDI!$L$2:$L$10000, "<>", [1]EDI!$I$2:$I$10000,"EDI") -> 0 | F17: =COUNTIFS([1]EDI!$S$2:$S$10000,"Zeyad khaled", [1]EDI!$Q$2:$Q$10000, "In Progress", [1]EDI!$N$2:$N$10000,"Mapping", [1]EDI!$I$2:$I$10000,"EDI") -> 4 | G17: =COUNTIFS([1]EDI!$S$2:$S$10000,"Zeyad khaled", [1]EDI!$Q$2:$Q$10000, "In Progress", [1]EDI!$N$2:$N$10000,"Testing", [1]EDI!$I$2:$I$10000,"EDI") -> 17 | H17: =COUNTIFS([1]EDI!$S$2:$S$10000,"Zeyad khaled", [1]EDI!$Q$2:$Q$10000, "In Progress", [1]EDI!$N$2:$N$10000,"Ready For Production", [1]EDI!$I$2:$I$10000,"EDI") -> 2 | I17: =LARGE(Dates!T4:T50,1) -> 46215 | K17: =COUNTIFS([1]EDI!$S$2:$S$10000,"Zeyad khaled", [1]EDI!$Q$2:$Q$10000, "In Progress", [1]EDI!$I$2:$I$10000,"Forms") -> 0 | L17: {=SUM(COUNTIFS([1]EDI!$S$2:$S$10000,"Zeyad khaled", [1]EDI!$Q$2:$Q$10000,"In Progress", [1]EDI!$N$2:$N$10000,{"Mapping","Dataset Validation"}, [1]EDI!$I$2:$I$10000,"Forms"))} -> 0 | M17: =COUNTIFS([1]EDI!$S$2:$S$10000,"Zeyad khaled", [1]EDI!$Q$2:$Q$10000, "In Progress", [1]EDI!$N$2:$N$10000,"Testing", [1]EDI!$I$2:$I$10000,"Forms") -> 0 | N17: =COUNTIFS([1]EDI!$S$2:$S$10000,"Zeyad khaled", [1]EDI!$Q$2:$Q$10000, "In Progress", [1]EDI!$P$2:$P$10000,"Migration Testing", [1]EDI!$I$2:$I$10000,"Forms") -> 0 | O17: =COUNTIFS([1]EDI!$S$2:$S$10000,"Zeyad khaled", [1]EDI!$Q$2:$Q$10000, "Live", [1]EDI!$P$2:$P$10000,"Production", [1]EDI!$I$2:$I$10000,"Forms") -> 0 | Q17: =C17+K17 -> 22 | R17: =COUNTIFS( [1]EDI!$S$2:$S$10000,"Zeyad khaled", [1]EDI!$L$2:$L$10000,"<>", [1]EDI!$R$2:$R$10000,">="&DATE(2025,1,1), [1]EDI!$R$2:$R$10000,"<"&DATE(2026,1,1), [1]EDI!$I$2:$I$10000,"EDI" ) -> 51 | S17: =COUNTIFS( [1]EDI!$S$2:$S$10000,"Zeyad khaled", [1]EDI!$L$2:$L$10000,"<>", [1]EDI!$R$2:$R$10000,">="&DATE(2026,1,1), [1]EDI!$I$2:$I$10000,"EDI" ) -> 48
A18: Giulie Alaa | C18: =SUM(D18:G18) -> 12 | D18: =COUNTIFS([1]EDI!$S$2:$S$10000,"Giulie Alaa", [1]EDI!$Q$2:$Q$10000, "In Progress", [1]EDI!$N$2:$N$10000,"DataSet Validation", [1]EDI!$L$2:$L$10000,"", [1]EDI!$I$2:$I$10000,"EDI") -> 0 | E18: =COUNTIFS([1]EDI!$S$2:$S$10000,"Giulie Alaa", [1]EDI!$Q$2:$Q$10000, "In Progress", [1]EDI!$N$2:$N$10000,"Dataset Validation", [1]EDI!$L$2:$L$10000, "<>", [1]EDI!$I$2:$I$10000,"EDI") -> 0 | F18: =COUNTIFS([1]EDI!$S$2:$S$10000,"Giulie Alaa", [1]EDI!$Q$2:$Q$10000, "In Progress", [1]EDI!$N$2:$N$10000,"Mapping", [1]EDI!$I$2:$I$10000,"EDI") -> 3 | G18: =COUNTIFS([1]EDI!$S$2:$S$10000,"Giulie Alaa", [1]EDI!$Q$2:$Q$10000, "In Progress", [1]EDI!$N$2:$N$10000,"Testing", [1]EDI!$I$2:$I$10000,"EDI") -> 9 | H18: =COUNTIFS([1]EDI!$S$2:$S$10000,"Giulie Alaa", [1]EDI!$Q$2:$Q$10000, "In Progress", [1]EDI!$N$2:$N$10000,"Ready For Production", [1]EDI!$I$2:$I$10000,"EDI") -> 0 | I18: =LARGE(Dates!AB4:AB50,1) -> 46215 | K18: =COUNTIFS([1]EDI!$S$2:$S$10000,"Giulie Alaa", [1]EDI!$Q$2:$Q$10000, "In Progress", [1]EDI!$I$2:$I$10000,"Forms") -> 0 | L18: {=SUM(COUNTIFS([1]EDI!$S$2:$S$10000,"Giulie Alaa", [1]EDI!$Q$2:$Q$10000,"In Progress", [1]EDI!$N$2:$N$10000,{"Mapping","Dataset Validation"}, [1]EDI!$I$2:$I$10000,"Forms"))} -> 0 | M18: =COUNTIFS([1]EDI!$S$2:$S$10000,"Giulie Alaa", [1]EDI!$Q$2:$Q$10000, "In Progress", [1]EDI!$N$2:$N$10000,"Testing", [1]EDI!$I$2:$I$10000,"Forms") -> 0 | N18: =COUNTIFS([1]EDI!$S$2:$S$10000,"Giulie Alaa", [1]EDI!$Q$2:$Q$10000, "In Progress", [1]EDI!$P$2:$P$10000,"Migration Testing", [1]EDI!$I$2:$I$10000,"Forms") -> 0 | O18: =COUNTIFS([1]EDI!$S$2:$S$10000,"Giulie Alaa", [1]EDI!$Q$2:$Q$10000, "Live", [1]EDI!$P$2:$P$10000,"Production", [1]EDI!$I$2:$I$10000,"Forms") -> 0 | Q18: =C18+K18 -> 12 | R18: =COUNTIFS( [1]EDI!$S$2:$S$10000,"Giulie Alaa", [1]EDI!$L$2:$L$10000,"<>", [1]EDI!$R$2:$R$10000,">="&DATE(2025,1,1), [1]EDI!$R$2:$R$10000,"<"&DATE(2026,1,1), [1]EDI!$I$2:$I$10000,"EDI" ) -> 0 | S18: =COUNTIFS( [1]EDI!$S$2:$S$10000,"Giulie Alaa", [1]EDI!$L$2:$L$10000,"<>", [1]EDI!$R$2:$R$10000,">="&DATE(2026,1,1), [1]EDI!$I$2:$I$10000,"EDI" ) -> 15
A19: Poula Moheb | C19: =SUM(D19:G19) -> 9 | D19: =COUNTIFS([1]EDI!$S$2:$S$10000,"Poula Moheb", [1]EDI!$Q$2:$Q$10000, "In Progress", [1]EDI!$N$2:$N$10000,"DataSet Validation", [1]EDI!$L$2:$L$10000,"", [1]EDI!$I$2:$I$10000,"EDI") -> 0 | E19: =COUNTIFS([1]EDI!$S$2:$S$10000,"Poula Moheb", [1]EDI!$Q$2:$Q$10000, "In Progress", [1]EDI!$N$2:$N$10000,"Dataset Validation", [1]EDI!$L$2:$L$10000, "<>", [1]EDI!$I$2:$I$10000,"EDI") -> 0 | F19: =COUNTIFS([1]EDI!$S$2:$S$10000,"Poula Moheb", [1]EDI!$Q$2:$Q$10000, "In Progress", [1]EDI!$N$2:$N$10000,"Mapping", [1]EDI!$I$2:$I$10000,"EDI") -> 1 | G19: =COUNTIFS([1]EDI!$S$2:$S$10000,"Poula Moheb", [1]EDI!$Q$2:$Q$10000, "In Progress", [1]EDI!$N$2:$N$10000,"Testing", [1]EDI!$I$2:$I$10000,"EDI") -> 8 | H19: =COUNTIFS([1]EDI!$S$2:$S$10000,"Poula Moheb", [1]EDI!$Q$2:$Q$10000, "In Progress", [1]EDI!$N$2:$N$10000,"Ready For Production", [1]EDI!$I$2:$I$10000,"EDI") -> 0 | I19: =LARGE(Dates!AC4:AC50,1) -> 46215 | K19: =COUNTIFS([1]EDI!$S$2:$S$10000,"Poula Moheb", [1]EDI!$Q$2:$Q$10000, "In Progress", [1]EDI!$I$2:$I$10000,"Forms") -> 0 | L19: {=SUM(COUNTIFS([1]EDI!$S$2:$S$10000,"Poula Moheb", [1]EDI!$Q$2:$Q$10000,"In Progress", [1]EDI!$N$2:$N$10000,{"Mapping","Dataset Validation"}, [1]EDI!$I$2:$I$10000,"Forms"))} -> 0 | M19: =COUNTIFS([1]EDI!$S$2:$S$10000,"Poula Moheb", [1]EDI!$Q$2:$Q$10000, "In Progress", [1]EDI!$N$2:$N$10000,"Testing", [1]EDI!$I$2:$I$10000,"Forms") -> 0 | N19: =COUNTIFS([1]EDI!$S$2:$S$10000,"Poula Moheb", [1]EDI!$Q$2:$Q$10000, "In Progress", [1]EDI!$P$2:$P$10000,"Migration Testing", [1]EDI!$I$2:$I$10000,"Forms") -> 0 | O19: =COUNTIFS([1]EDI!$S$2:$S$10000,"Poula Moheb", [1]EDI!$Q$2:$Q$10000, "Live", [1]EDI!$P$2:$P$10000,"Production", [1]EDI!$I$2:$I$10000,"Forms") -> 0 | Q19: =C19+K19 -> 9 | R19: =COUNTIFS( [1]EDI!$S$2:$S$10000,"Poula Moheb", [1]EDI!$L$2:$L$10000,"<>", [1]EDI!$R$2:$R$10000,">="&DATE(2025,1,1), [1]EDI!$R$2:$R$10000,"<"&DATE(2026,1,1), [1]EDI!$I$2:$I$10000,"EDI" ) -> 0 | S19: =COUNTIFS( [1]EDI!$S$2:$S$10000,"Poula Moheb", [1]EDI!$L$2:$L$10000,"<>", [1]EDI!$R$2:$R$10000,">="&DATE(2026,1,1), [1]EDI!$I$2:$I$10000,"EDI" ) -> 10
A20: Adham Akram | C20: =SUM(D20:G20) -> 10 | D20: =COUNTIFS([1]EDI!$S$2:$S$10000,"Adham Akram", [1]EDI!$Q$2:$Q$10000, "In Progress", [1]EDI!$N$2:$N$10000,"DataSet Validation", [1]EDI!$L$2:$L$10000,"", [1]EDI!$I$2:$I$10000,"EDI") -> 1 | E20: =COUNTIFS([1]EDI!$S$2:$S$10000,"Adham Akram", [1]EDI!$Q$2:$Q$10000, "In Progress", [1]EDI!$N$2:$N$10000,"Dataset Validation", [1]EDI!$L$2:$L$10000, "<>", [1]EDI!$I$2:$I$10000,"EDI") -> 0 | F20: =COUNTIFS([1]EDI!$S$2:$S$10000,"Adham Akram", [1]EDI!$Q$2:$Q$10000, "In Progress", [1]EDI!$N$2:$N$10000,"Mapping", [1]EDI!$I$2:$I$10000,"EDI") -> 5 | G20: =COUNTIFS([1]EDI!$S$2:$S$10000,"Adham Akram", [1]EDI!$Q$2:$Q$10000, "In Progress", [1]EDI!$N$2:$N$10000,"Testing", [1]EDI!$I$2:$I$10000,"EDI") -> 4 | H20: =COUNTIFS([1]EDI!$S$2:$S$10000,"Adham Akram", [1]EDI!$Q$2:$Q$10000, "In Progress", [1]EDI!$N$2:$N$10000,"Ready For Production", [1]EDI!$I$2:$I$10000,"EDI") -> 0 | I20: =LARGE(Dates!AD4:AD50,1) -> 46215 | K20: =COUNTIFS([1]EDI!$S$2:$S$10000,"Adham Akram", [1]EDI!$Q$2:$Q$10000, "In Progress", [1]EDI!$I$2:$I$10000,"Forms") -> 0 | L20: {=SUM(COUNTIFS([1]EDI!$S$2:$S$10000,"Adham Akram", [1]EDI!$Q$2:$Q$10000,"In Progress", [1]EDI!$N$2:$N$10000,{"Mapping","Dataset Validation"}, [1]EDI!$I$2:$I$10000,"Forms"))} -> 0 | M20: =COUNTIFS([1]EDI!$S$2:$S$10000,"Adham Akram", [1]EDI!$Q$2:$Q$10000, "In Progress", [1]EDI!$N$2:$N$10000,"Testing", [1]EDI!$I$2:$I$10000,"Forms") -> 0 | N20: =COUNTIFS([1]EDI!$S$2:$S$10000,"Adham Akram", [1]EDI!$Q$2:$Q$10000, "In Progress", [1]EDI!$P$2:$P$10000,"Migration Testing", [1]EDI!$I$2:$I$10000,"Forms") -> 0 | O20: =COUNTIFS([1]EDI!$S$2:$S$10000,"Adham Akram", [1]EDI!$Q$2:$Q$10000, "Live", [1]EDI!$P$2:$P$10000,"Production", [1]EDI!$I$2:$I$10000,"Forms") -> 0 | Q20: =C20+K20 -> 10 | R20: =COUNTIFS( [1]EDI!$S$2:$S$10000,"Adham Akram", [1]EDI!$L$2:$L$10000,"<>", [1]EDI!$R$2:$R$10000,">="&DATE(2025,1,1), [1]EDI!$R$2:$R$10000,"<"&DATE(2026,1,1), [1]EDI!$I$2:$I$10000,"EDI" ) -> 0 | S20: =COUNTIFS( [1]EDI!$S$2:$S$10000,"Adham Akram", [1]EDI!$L$2:$L$10000,"<>", [1]EDI!$R$2:$R$10000,">="&DATE(2026,1,1), [1]EDI!$I$2:$I$10000,"EDI" ) -> 9
A22: Totals | C22: =SUM(C3:C17) -> 251 | D22: =SUM(D3:D17) -> 5 | E22: =SUM(E3:E17) -> 2 | F22: =SUM(F3:F17) -> 63 | G22: =SUM(G3:G17) -> 181 | H22: =SUM(H3:H17) -> 10 | I22: =LARGE(I3:I17,1) -> #NUM! | K22: =SUM(K3:K17) -> 11 | L22: =SUM(L3:L17) -> 3 | M22: =SUM(M3:M17) -> 3 | N22: =SUM(N3:N17) -> 2 | O22: =SUM(O3:O17) -> 15 | P22: =LARGE(P3:P21,1) -> 46210 | Q22: =SUM(Q3:Q17) -> 262 | R22: =SUM(R3:R17) -> 683 | S22: =SUM(S3:S17) -> 531
A23: Current Total InProgress Queue | C23: =Q22+H22+B54+'RG CRs'!B8 -> 375 | D23: Child CRs InProgress | E23: {=SUMPRODUCT( (--([1]EDI!$S$2:$S$10000="Dina Medhat") * --([1]EDI!$Q$2:$Q$10000="In Progress") * --([1]EDI!$I$2:$I$10000="EDI") ) )} -> 21 | M23: =M22-N22 -> 1
A25: Month Input | C25: 45658 | D25: 45689 | E25: 45717 | F25: 45748 | G25: 45778 | H25: 45809 | I25: 45839 | K25: 45870 | L25: 45901 | M25: 45931 | N25: 45962 | O25: 45992 | P25: 46023 | Q25: 46054 | R25: 46082 | S25: 46113 | T25: 46143 | U25: 46174
A26: Total input | C26: {=SUMPRODUCT((MONTH([1]EDI!$R$2:$R$10000)=1)* (YEAR([1]EDI!$R$2:$R$10000)=2025))} -> 123 | D26: {=SUMPRODUCT((MONTH([1]EDI!$R$2:$R$10000)=2)* (YEAR([1]EDI!$R$2:$R$10000)=2025))} -> 102 | E26: {=SUMPRODUCT((MONTH([1]EDI!$R$2:$R$10000)=3)* (YEAR([1]EDI!$R$2:$R$10000)=2025))} -> 71 | F26: {=SUMPRODUCT((MONTH([1]EDI!$R$2:$R$10000)=4)* (YEAR([1]EDI!$R$2:$R$10000)=2025))} -> 82 | G26: {=SUMPRODUCT((MONTH([1]EDI!$R$2:$R$10000)=5)* (YEAR([1]EDI!$R$2:$R$10000)=2025))} -> 44 | H26: {=SUMPRODUCT((MONTH([1]EDI!$R$2:$R$10000)=6)* (YEAR([1]EDI!$R$2:$R$10000)=2025))} -> 64 | I26: {=SUMPRODUCT((MONTH([1]EDI!$R$2:$R$10000)=7)* (YEAR([1]EDI!$R$2:$R$10000)=2025))} -> 56 | J26: {=SUMPRODUCT((MONTH([1]EDI!$R$2:$R$10000)=1)* (YEAR([1]EDI!$R$2:$R$10000)=2025))} -> 123 | K26: {=SUMPRODUCT((MONTH([1]EDI!$R$2:$R$10000)=8)* (YEAR([1]EDI!$R$2:$R$10000)=2025))} -> 50 | L26: {=SUMPRODUCT((MONTH([1]EDI!$R$2:$R$10000)=9)* (YEAR([1]EDI!$R$2:$R$10000)=2025))} -> 77 | M26: {=SUMPRODUCT((MONTH([1]EDI!$R$2:$R$10000)=10)* (YEAR([1]EDI!$R$2:$R$10000)=2025))} -> 60 | N26: {=SUMPRODUCT((MONTH([1]EDI!$R$2:$R$10000)=11)* (YEAR([1]EDI!$R$2:$R$10000)=2025))} -> 98 | O26: {=SUMPRODUCT((MONTH([1]EDI!$R$2:$R$10000)=12)* (YEAR([1]EDI!$R$2:$R$10000)=2025))} -> 150 | P26: {=SUMPRODUCT((MONTH([1]EDI!$R$2:$R$10000)=1)* (YEAR([1]EDI!$R$2:$R$10000)=2026))} -> 165 | Q26: {=SUMPRODUCT((MONTH([1]EDI!$R$2:$R$10000)=2)* (YEAR([1]EDI!$R$2:$R$10000)=2026))} -> 124 | R26: {=SUMPRODUCT((MONTH([1]EDI!$R$2:$R$10000)=3)* (YEAR([1]EDI!$R$2:$R$10000)=2026))} -> 103 | S26: {=SUMPRODUCT((MONTH([1]EDI!$R$2:$R$10000)=4)* (YEAR([1]EDI!$R$2:$R$10000)=2026))} -> 136 | T26: {=SUMPRODUCT((MONTH([1]EDI!$R$2:$R$10000)=5)* (YEAR([1]EDI!$R$2:$R$10000)=2026))} -> 107 | U26: {=SUMPRODUCT((MONTH([1]EDI!$R$2:$R$10000)=6)* (YEAR([1]EDI!$R$2:$R$10000)=2026))} -> 135
A27: Not Started | C27: {=SUMPRODUCT( (--(INT([1]EDI!$R$2:$R$10000)>=DATE(2025,1,1))), (--(INT([1]EDI!$R$2:$R$10000)<=DATE(2025,1,31))), (--([1]EDI!$Q$2:$Q$10000="Not Started")))} -> 0 | D27: {=SUMPRODUCT( (--(INT([1]EDI!$R$2:$R$10000)>=DATE(2025,2,1))), (--(INT([1]EDI!$R$2:$R$10000)<=DATE(2025,2,29))), (--([1]EDI!$Q$2:$Q$10000="Not Started")))} -> 0 | E27: {=SUMPRODUCT( (--(INT([1]EDI!$R$2:$R$10000)>=DATE(2025,3,1))), (--(INT([1]EDI!$R$2:$R$10000)<=DATE(2025,3,31))), (--([1]EDI!$Q$2:$Q$10000="Not Started")))} -> 0 | F27: {=SUMPRODUCT( (--(INT([1]EDI!$R$2:$R$10000)>=DATE(2025,4,1))), (--(INT([1]EDI!$R$2:$R$10000)<=DATE(2025,4,30))), (--([1]EDI!$Q$2:$Q$10000="Not Started")))} -> 0 | G27: {=SUMPRODUCT( (--(INT([1]EDI!$R$2:$R$10000)>=DATE(2025,5,1))), (--(INT([1]EDI!$R$2:$R$10000)<=DATE(2025,5,31))), (--([1]EDI!$Q$2:$Q$10000="Not Started")))} -> 0 | H27: {=SUMPRODUCT( (--(INT([1]EDI!$R$2:$R$10000)>=DATE(2025,6,1))), (--(INT([1]EDI!$R$2:$R$10000)<=DATE(2025,6,30))), (--([1]EDI!$Q$2:$Q$10000="Not Started")))} -> 0 | I27: {=SUMPRODUCT( (--(INT([1]EDI!$R$2:$R$10000)>=DATE(2025,7,1))), (--(INT([1]EDI!$R$2:$R$10000)<=DATE(2025,7,31))), (--([1]EDI!$Q$2:$Q$10000="Not Started")))} -> 0 | J27: {=SUMPRODUCT( (--(INT([1]EDI!$R$2:$R$10000)>=DATE(2025,1,1))), (--(INT([1]EDI!$R$2:$R$10000)<=DATE(2025,1,31))), (--([1]EDI!$Q$2:$Q$10000="Not Started")))} -> 0 | K27: {=SUMPRODUCT( (--(INT([1]EDI!$R$2:$R$10000)>=DATE(2025,8,1))), (--(INT([1]EDI!$R$2:$R$10000)<=DATE(2025,8,31))), (--([1]EDI!$Q$2:$Q$10000="Not Started")))} -> 0 | L27: {=SUMPRODUCT( (--(INT([1]EDI!$R$2:$R$10000)>=DATE(2025,9,1))), (--(INT([1]EDI!$R$2:$R$10000)<=DATE(2025,9,30))), (--([1]EDI!$Q$2:$Q$10000="Not Started")))} -> 0 | M27: {=SUMPRODUCT( (--(INT([1]EDI!$R$2:$R$10000)>=DATE(2025,10,1))), (--(INT([1]EDI!$R$2:$R$10000)<=DATE(2025,10,31))), (--([1]EDI!$Q$2:$Q$10000="Not Started")))} -> 0 | N27: {=SUMPRODUCT( (--(INT([1]EDI!$R$2:$R$10000)>=DATE(2025,11,1))), (--(INT([1]EDI!$R$2:$R$10000)<=DATE(2025,11,30))), (--([1]EDI!$Q$2:$Q$10000="Not Started")))} -> 0 | O27: {=SUMPRODUCT( (--(INT([1]EDI!$R$2:$R$10000)>=DATE(2025,12,1))), (--(INT([1]EDI!$R$2:$R$10000)<=DATE(2025,12,31))), (--([1]EDI!$Q$2:$Q$10000="Not Started")))} -> 0 | P27: {=SUMPRODUCT( (--(INT([1]EDI!$R$2:$R$10000)>=DATE(2026,1,1))), (--(INT([1]EDI!$R$2:$R$10000)<=DATE(2026,1,31))), (--([1]EDI!$Q$2:$Q$10000="Not Started")))} -> 0 | Q27: {=SUMPRODUCT( (--(INT([1]EDI!$R$2:$R$10000)>=DATE(2026,2,1))), (--(INT([1]EDI!$R$2:$R$10000)<=DATE(2026,2,29))), (--([1]EDI!$Q$2:$Q$10000="Not Started")))} -> 0 | R27: {=SUMPRODUCT( (--(INT([1]EDI!$R$2:$R$10000)>=DATE(2026,3,1))), (--(INT([1]EDI!$R$2:$R$10000)<=DATE(2026,3,31))), (--([1]EDI!$Q$2:$Q$10000="Not Started")))} -> 0 | S27: {=SUMPRODUCT( (--(INT([1]EDI!$R$2:$R$10000)>=DATE(2026,4,1))), (--(INT([1]EDI!$R$2:$R$10000)<=DATE(2026,4,30))), (--([1]EDI!$Q$2:$Q$10000="Not Started")))} -> 0 | T27: {=SUMPRODUCT( (--(INT([1]EDI!$R$2:$R$10000)>=DATE(2026,5,1))), (--(INT([1]EDI!$R$2:$R$10000)<=DATE(2026,5,31))), (--([1]EDI!$Q$2:$Q$10000="Not Started")))} -> 0 | U27: {=SUMPRODUCT( (--(INT([1]EDI!$R$2:$R$10000)>=DATE(2026,6,1))), (--(INT([1]EDI!$R$2:$R$10000)<=DATE(2026,6,30))), (--([1]EDI!$Q$2:$Q$10000="Not Started")))} -> 1
A28: In Progress | C28: {=SUMPRODUCT( (--(INT([1]EDI!$R$2:$R$10000)>=DATE(2025,1,1))), (--(INT([1]EDI!$R$2:$R$10000)<=DATE(2025,1,31))), (--([1]EDI!$Q$2:$Q$10000="In Progress")))} -> 1 | D28: {=SUMPRODUCT( (--(INT([1]EDI!$R$2:$R$10000)>=DATE(2025,2,1))), (--(INT([1]EDI!$R$2:$R$10000)<=DATE(2025,2,29))), (--([1]EDI!$Q$2:$Q$10000="In Progress")))} -> 1 | E28: {=SUMPRODUCT( (--(INT([1]EDI!$R$2:$R$10000)>=DATE(2025,3,1))), (--(INT([1]EDI!$R$2:$R$10000)<=DATE(2025,3,31))), (--([1]EDI!$Q$2:$Q$10000="In Progress")))} -> 0 | F28: {=SUMPRODUCT( (--(INT([1]EDI!$R$2:$R$10000)>=DATE(2025,4,1))), (--(INT([1]EDI!$R$2:$R$10000)<=DATE(2025,4,30))), (--([1]EDI!$Q$2:$Q$10000="In Progress")))} -> 1 | G28: {=SUMPRODUCT( (--(INT([1]EDI!$R$2:$R$10000)>=DATE(2025,5,1))), (--(INT([1]EDI!$R$2:$R$10000)<=DATE(2025,5,30))), (--([1]EDI!$Q$2:$Q$10000="In Progress")))} -> 1 | H28: {=SUMPRODUCT( (--(INT([1]EDI!$R$2:$R$10000)>=DATE(2025,6,1))), (--(INT([1]EDI!$R$2:$R$10000)<=DATE(2025,6,30))), (--([1]EDI!$Q$2:$Q$10000="In Progress")))} -> 0 | I28: {=SUMPRODUCT( (--(INT([1]EDI!$R$2:$R$10000)>=DATE(2025,7,1))), (--(INT([1]EDI!$R$2:$R$10000)<=DATE(2025,7,31))), (--([1]EDI!$Q$2:$Q$10000="In Progress")))} -> 1 | J28: {=SUMPRODUCT( (--(INT([1]EDI!$R$2:$R$10000)>=DATE(2025,1,1))), (--(INT([1]EDI!$R$2:$R$10000)<=DATE(2025,1,31))), (--([1]EDI!$Q$2:$Q$10000="In Progress")))} -> 1 | K28: {=SUMPRODUCT( (--(INT([1]EDI!$R$2:$R$10000)>=DATE(2025,8,1))), (--(INT([1]EDI!$R$2:$R$10000)<=DATE(2025,8,31))), (--([1]EDI!$Q$2:$Q$10000="In Progress")))} -> 1 | L28: {=SUMPRODUCT( (--(INT([1]EDI!$R$2:$R$10000)>=DATE(2025,9,1))), (--(INT([1]EDI!$R$2:$R$10000)<=DATE(2025,9,30))), (--([1]EDI!$Q$2:$Q$10000="In Progress")))} -> 1 | M28: {=SUMPRODUCT( (--(INT([1]EDI!$R$2:$R$10000)>=DATE(2025,10,1))), (--(INT([1]EDI!$R$2:$R$10000)<=DATE(2025,10,31))), (--([1]EDI!$Q$2:$Q$10000="In Progress")))} -> 4 | N28: {=SUMPRODUCT( (--(INT([1]EDI!$R$2:$R$10000)>=DATE(2025,11,1))), (--(INT([1]EDI!$R$2:$R$10000)<=DATE(2025,11,30))), (--([1]EDI!$Q$2:$Q$10000="In Progress")))} -> 6 | O28: {=SUMPRODUCT( (--(INT([1]EDI!$R$2:$R$10000)>=DATE(2025,12,1))), (--(INT([1]EDI!$R$2:$R$10000)<=DATE(2025,12,31))), (--([1]EDI!$Q$2:$Q$10000="In Progress")))} -> 10 | P28: {=SUMPRODUCT( (--(INT([1]EDI!$R$2:$R$10000)>=DATE(2026,1,1))), (--(INT([1]EDI!$R$2:$R$10000)<=DATE(2026,1,31))), (--([1]EDI!$Q$2:$Q$10000="In Progress")))} -> 14 | Q28: {=SUMPRODUCT( (--(INT([1]EDI!$R$2:$R$10000)>=DATE(2026,2,1))), (--(INT([1]EDI!$R$2:$R$10000)<=DATE(2026,2,29))), (--([1]EDI!$Q$2:$Q$10000="In Progress")))} -> 25 | R28: {=SUMPRODUCT( (--(INT([1]EDI!$R$2:$R$10000)>=DATE(2026,3,1))), (--(INT([1]EDI!$R$2:$R$10000)<=DATE(2026,3,31))), (--([1]EDI!$Q$2:$Q$10000="In Progress")))} -> 31 | S28: {=SUMPRODUCT( (--(INT([1]EDI!$R$2:$R$10000)>=DATE(2026,4,1))), (--(INT([1]EDI!$R$2:$R$10000)<=DATE(2026,4,30))), (--([1]EDI!$Q$2:$Q$10000="In Progress")))} -> 80 | T28: {=SUMPRODUCT( (--(INT([1]EDI!$R$2:$R$10000)>=DATE(2026,5,1))), (--(INT([1]EDI!$R$2:$R$10000)<=DATE(2026,5,31))), (--([1]EDI!$Q$2:$Q$10000="In Progress")))} -> 83 | U28: {=SUMPRODUCT( (--(INT([1]EDI!$R$2:$R$10000)>=DATE(2026,6,1))), (--(INT([1]EDI!$R$2:$R$10000)<=DATE(2026,6,30))), (--([1]EDI!$Q$2:$Q$10000="In Progress")))} -> 114
A29: Production (Live) | C29: {=SUMPRODUCT( (--(INT([1]EDI!$R$2:$R$10000) >= DATE(2025,1,1))), (--(INT([1]EDI!$R$2:$R$10000) <= DATE(2025,1,31))), (--([1]EDI!$Q$2:$Q$10000 = "Live")) )} -> 87 | D29: {=SUMPRODUCT( (--(INT([1]EDI!$R$2:$R$10000) >= DATE(2025,2,1))), (--(INT([1]EDI!$R$2:$R$10000) <= DATE(2025,2,29))), (--([1]EDI!$Q$2:$Q$10000 = "Live")) )} -> 51 | E29: {=SUMPRODUCT( (--(INT([1]EDI!$R$2:$R$10000) >= DATE(2025,3,1))), (--(INT([1]EDI!$R$2:$R$10000) <= DATE(2025,3,31))), (--([1]EDI!$Q$2:$Q$10000 = "Live")) )} -> 48 | F29: {=SUMPRODUCT( (--(INT([1]EDI!$R$2:$R$10000) >= DATE(2025,4,1))), (--(INT([1]EDI!$R$2:$R$10000) <= DATE(2025,4,30))), (--([1]EDI!$Q$2:$Q$10000 = "Live")) )} -> 58 | G29: {=SUMPRODUCT( (--(INT([1]EDI!$R$2:$R$10000) >= DATE(2025,5,1))), (--(INT([1]EDI!$R$2:$R$10000) <= DATE(2025,5,31))), (--([1]EDI!$Q$2:$Q$10000 = "Live")) )} -> 25 | H29: {=SUMPRODUCT( (--(INT([1]EDI!$R$2:$R$10000) >= DATE(2025,6,1))), (--(INT([1]EDI!$R$2:$R$10000) <= DATE(2025,6,30))), (--([1]EDI!$Q$2:$Q$10000 = "Live")) )} -> 47 | I29: {=SUMPRODUCT( (--(INT([1]EDI!$R$2:$R$10000) >= DATE(2025,7,1))), (--(INT([1]EDI!$R$2:$R$10000) <= DATE(2025,7,31))), (--([1]EDI!$Q$2:$Q$10000 = "Live")) )} -> 42 | J29: {=SUMPRODUCT( (--(INT([1]EDI!$R$2:$R$10000) >= DATE(2025,1,1))), (--(INT([1]EDI!$R$2:$R$10000) <= DATE(2025,1,31))), (--([1]EDI!$Q$2:$Q$10000 = "Live")) )} -> 87 | K29: {=SUMPRODUCT( (--(INT([1]EDI!$R$2:$R$10000) >= DATE(2025,8,1))), (--(INT([1]EDI!$R$2:$R$10000) <= DATE(2025,8,31))), (--([1]EDI!$Q$2:$Q$10000 = "Live")) )} -> 37 | L29: {=SUMPRODUCT( (--(INT([1]EDI!$R$2:$R$10000) >= DATE(2025,9,1))), (--(INT([1]EDI!$R$2:$R$10000) <= DATE(2025,9,30))), (--([1]EDI!$Q$2:$Q$10000 = "Live")) )} -> 53 | M29: {=SUMPRODUCT( (--(INT([1]EDI!$R$2:$R$10000) >= DATE(2025,10,1))), (--(INT([1]EDI!$R$2:$R$10000) <= DATE(2025,10,31))), (--([1]EDI!$Q$2:$Q$10000 = "Live")) )} -> 50 | N29: {=SUMPRODUCT( (--(INT([1]EDI!$R$2:$R$10000) >= DATE(2025,11,1))), (--(INT([1]EDI!$R$2:$R$10000) <= DATE(2025,11,30))), (--([1]EDI!$Q$2:$Q$10000 = "Live")) )} -> 78 | O29: {=SUMPRODUCT( (--(INT([1]EDI!$R$2:$R$10000) >= DATE(2025,12,1))), (--(INT([1]EDI!$R$2:$R$10000) <= DATE(2025,12,31))), (--([1]EDI!$Q$2:$Q$10000 = "Live")) )} -> 118 | P29: {=SUMPRODUCT( (--(INT([1]EDI!$R$2:$R$10000) >= DATE(2026,1,1))), (--(INT([1]EDI!$R$2:$R$10000) <= DATE(2026,1,31))), (--([1]EDI!$Q$2:$Q$10000 = "Live")) )} -> 119 | Q29: {=SUMPRODUCT( (--(INT([1]EDI!$R$2:$R$10000) >= DATE(2026,2,1))), (--(INT([1]EDI!$R$2:$R$10000) <= DATE(2026,2,29))), (--([1]EDI!$Q$2:$Q$10000 = "Live")) )} -> 91 | R29: {=SUMPRODUCT( (--(INT([1]EDI!$R$2:$R$10000) >= DATE(2026,3,1))), (--(INT([1]EDI!$R$2:$R$10000) <= DATE(2026,3,31))), (--([1]EDI!$Q$2:$Q$10000 = "Live")) )} -> 63 | S29: {=SUMPRODUCT( (--(INT([1]EDI!$R$2:$R$10000) >= DATE(2026,4,1))), (--(INT([1]EDI!$R$2:$R$10000) <= DATE(2026,4,30))), (--([1]EDI!$Q$2:$Q$10000 = "Live")) )} -> 48 | T29: {=SUMPRODUCT( (--(INT([1]EDI!$R$2:$R$10000) >= DATE(2026,5,1))), (--(INT([1]EDI!$R$2:$R$10000) <= DATE(2026,5,31))), (--([1]EDI!$Q$2:$Q$10000 = "Live")) )} -> 15 | U29: {=SUMPRODUCT( (--(INT([1]EDI!$R$2:$R$10000) >= DATE(2026,6,1))), (--(INT([1]EDI!$R$2:$R$10000) <= DATE(2026,6,30))), (--([1]EDI!$Q$2:$Q$10000 = "Live")) )} -> 8
A30: Cancelled | C30: {=SUMPRODUCT( (--(INT([1]EDI!$R$2:$R$10000)>=DATE(2025,1,1))), (--(INT([1]EDI!$R$2:$R$10000)<=DATE(2025,1,31))), (--([1]EDI!$Q$2:$Q$10000="Cancelled")))} -> 35 | D30: {=SUMPRODUCT( (--(INT([1]EDI!$R$2:$R$10000)>=DATE(2025,2,1))), (--(INT([1]EDI!$R$2:$R$10000)<=DATE(2025,2,29))), (--([1]EDI!$Q$2:$Q$10000="Cancelled")))} -> 50 | E30: {=SUMPRODUCT( (--(INT([1]EDI!$R$2:$R$10000)>=DATE(2025,3,1))), (--(INT([1]EDI!$R$2:$R$10000)<=DATE(2025,3,31))), (--([1]EDI!$Q$2:$Q$10000="Cancelled")))} -> 23 | F30: {=SUMPRODUCT( (--(INT([1]EDI!$R$2:$R$10000)>=DATE(2025,4,1))), (--(INT([1]EDI!$R$2:$R$10000)<=DATE(2025,4,30))), (--([1]EDI!$Q$2:$Q$10000="Cancelled")))} -> 22 | G30: {=SUMPRODUCT( (--(INT([1]EDI!$R$2:$R$10000)>=DATE(2025,5,1))), (--(INT([1]EDI!$R$2:$R$10000)<=DATE(2025,5,31))), (--([1]EDI!$Q$2:$Q$10000="Cancelled")))} -> 18 | H30: {=SUMPRODUCT( (--(INT([1]EDI!$R$2:$R$10000)>=DATE(2025,6,1))), (--(INT([1]EDI!$R$2:$R$10000)<=DATE(2025,6,30))), (--([1]EDI!$Q$2:$Q$10000="Cancelled")))} -> 17 | I30: {=SUMPRODUCT( (--(INT([1]EDI!$R$2:$R$10000)>=DATE(2025,7,1))), (--(INT([1]EDI!$R$2:$R$10000)<=DATE(2025,7,31))), (--([1]EDI!$Q$2:$Q$10000="Cancelled")))} -> 13 | J30: {=SUMPRODUCT( (--(INT([1]EDI!$R$2:$R$10000)>=DATE(2025,1,1))), (--(INT([1]EDI!$R$2:$R$10000)<=DATE(2025,1,31))), (--([1]EDI!$Q$2:$Q$10000="Cancelled")))} -> 35 | K30: {=SUMPRODUCT( (--(INT([1]EDI!$R$2:$R$10000)>=DATE(2025,8,1))), (--(INT([1]EDI!$R$2:$R$10000)<=DATE(2025,8,31))), (--([1]EDI!$Q$2:$Q$10000="Cancelled")))} -> 12 | L30: {=SUMPRODUCT( (--(INT([1]EDI!$R$2:$R$10000)>=DATE(2025,9,1))), (--(INT([1]EDI!$R$2:$R$10000)<=DATE(2025,9,30))), (--([1]EDI!$Q$2:$Q$10000="Cancelled")))} -> 23 | M30: {=SUMPRODUCT( (--(INT([1]EDI!$R$2:$R$10000)>=DATE(2025,10,1))), (--(INT([1]EDI!$R$2:$R$10000)<=DATE(2025,10,31))), (--([1]EDI!$Q$2:$Q$10000="Cancelled")))} -> 6 | N30: {=SUMPRODUCT( (--(INT([1]EDI!$R$2:$R$10000)>=DATE(2025,11,1))), (--(INT([1]EDI!$R$2:$R$10000)<=DATE(2025,11,30))), (--([1]EDI!$Q$2:$Q$10000="Cancelled")))} -> 14 | O30: {=SUMPRODUCT( (--(INT([1]EDI!$R$2:$R$10000)>=DATE(2025,12,1))), (--(INT([1]EDI!$R$2:$R$10000)<=DATE(2025,12,31))), (--([1]EDI!$Q$2:$Q$10000="Cancelled")))} -> 22 | P30: {=SUMPRODUCT( (--(INT([1]EDI!$R$2:$R$10000)>=DATE(2026,1,1))), (--(INT([1]EDI!$R$2:$R$10000)<=DATE(2026,1,31))), (--([1]EDI!$Q$2:$Q$10000="Cancelled")))} -> 31 | Q30: {=SUMPRODUCT( (--(INT([1]EDI!$R$2:$R$10000)>=DATE(2026,2,1))), (--(INT([1]EDI!$R$2:$R$10000)<=DATE(2026,2,29))), (--([1]EDI!$Q$2:$Q$10000="Cancelled")))} -> 8 | R30: {=SUMPRODUCT( (--(INT([1]EDI!$R$2:$R$10000)>=DATE(2026,3,1))), (--(INT([1]EDI!$R$2:$R$10000)<=DATE(2026,3,31))), (--([1]EDI!$Q$2:$Q$10000="Cancelled")))} -> 9 | S30: {=SUMPRODUCT( (--(INT([1]EDI!$R$2:$R$10000)>=DATE(2026,4,1))), (--(INT([1]EDI!$R$2:$R$10000)<=DATE(2026,4,30))), (--([1]EDI!$Q$2:$Q$10000="Cancelled")))} -> 8 | T30: {=SUMPRODUCT( (--(INT([1]EDI!$R$2:$R$10000)>=DATE(2026,5,1))), (--(INT([1]EDI!$R$2:$R$10000)<=DATE(2026,5,31))), (--([1]EDI!$Q$2:$Q$10000="Cancelled")))} -> 9 | U30: {=SUMPRODUCT( (--(INT([1]EDI!$R$2:$R$10000)>=DATE(2026,6,1))), (--(INT([1]EDI!$R$2:$R$10000)<=DATE(2026,6,30))), (--([1]EDI!$Q$2:$Q$10000="Cancelled")))} -> 12
A31: On Hold | C31: {=SUMPRODUCT( (--(INT([1]EDI!$R$2:$R$10000)>=DATE(2025,1,1))), (--(INT([1]EDI!$R$2:$R$10000)<=DATE(2025,1,31))), (--([1]EDI!$Q$2:$Q$10000="On Hold")))} -> 0 | D31: {=SUMPRODUCT( (--(INT([1]EDI!$R$2:$R$10000)>=DATE(2025,2,1))), (--(INT([1]EDI!$R$2:$R$10000)<=DATE(2025,2,29))), (--([1]EDI!$Q$2:$Q$10000="On Hold")))} -> 0 | E31: {=SUMPRODUCT( (--(INT([1]EDI!$R$2:$R$10000)>=DATE(2025,3,1))), (--(INT([1]EDI!$R$2:$R$10000)<=DATE(2025,3,31))), (--([1]EDI!$Q$2:$Q$10000="On Hold")))} -> 0 | F31: {=SUMPRODUCT( (--(INT([1]EDI!$R$2:$R$10000)>=DATE(2025,4,1))), (--(INT([1]EDI!$R$2:$R$10000)<=DATE(2025,4,30))), (--([1]EDI!$Q$2:$Q$10000="On Hold")))} -> 1 | G31: {=SUMPRODUCT( (--(INT([1]EDI!$R$2:$R$10000)>=DATE(2025,5,1))), (--(INT([1]EDI!$R$2:$R$10000)<=DATE(2025,5,31))), (--([1]EDI!$Q$2:$Q$10000="On Hold")))} -> 0 | H31: {=SUMPRODUCT( (--(INT([1]EDI!$R$2:$R$10000)>=DATE(2025,6,1))), (--(INT([1]EDI!$R$2:$R$10000)<=DATE(2025,6,30))), (--([1]EDI!$Q$2:$Q$10000="On Hold")))} -> 0 | I31: {=SUMPRODUCT( (--(INT([1]EDI!$R$2:$R$10000)>=DATE(2025,7,1))), (--(INT([1]EDI!$R$2:$R$10000)<=DATE(2025,7,31))), (--([1]EDI!$Q$2:$Q$10000="On Hold")))} -> 0 | J31: {=SUMPRODUCT( (--(INT([1]EDI!$R$2:$R$10000)>=DATE(2025,1,1))), (--(INT([1]EDI!$R$2:$R$10000)<=DATE(2025,1,31))), (--([1]EDI!$Q$2:$Q$10000="On Hold")))} -> 0 | K31: {=SUMPRODUCT( (--(INT([1]EDI!$R$2:$R$10000)>=DATE(2025,8,1))), (--(INT([1]EDI!$R$2:$R$10000)<=DATE(2025,8,31))), (--([1]EDI!$Q$2:$Q$10000="On Hold")))} -> 0 | L31: {=SUMPRODUCT( (--(INT([1]EDI!$R$2:$R$10000)>=DATE(2025,9,1))), (--(INT([1]EDI!$R$2:$R$10000)<=DATE(2025,9,30))), (--([1]EDI!$Q$2:$Q$10000="On Hold")))} -> 0 | M31: {=SUMPRODUCT( (--(INT([1]EDI!$R$2:$R$10000)>=DATE(2025,10,1))), (--(INT([1]EDI!$R$2:$R$10000)<=DATE(2025,10,31))), (--([1]EDI!$Q$2:$Q$10000="On Hold")))} -> 0 | N31: {=SUMPRODUCT( (--(INT([1]EDI!$R$2:$R$10000)>=DATE(2025,11,1))), (--(INT([1]EDI!$R$2:$R$10000)<=DATE(2025,11,30))), (--([1]EDI!$Q$2:$Q$10000="On Hold")))} -> 0 | O31: {=SUMPRODUCT( (--(INT([1]EDI!$R$2:$R$10000)>=DATE(2025,12,1))), (--(INT([1]EDI!$R$2:$R$10000)<=DATE(2025,12,31))), (--([1]EDI!$Q$2:$Q$10000="On Hold")))} -> 0 | P31: {=SUMPRODUCT( (--(INT([1]EDI!$R$2:$R$10000)>=DATE(2026,1,1))), (--(INT([1]EDI!$R$2:$R$10000)<=DATE(2026,1,31))), (--([1]EDI!$Q$2:$Q$10000="On Hold")))} -> 1 | Q31: {=SUMPRODUCT( (--(INT([1]EDI!$R$2:$R$10000)>=DATE(2026,2,1))), (--(INT([1]EDI!$R$2:$R$10000)<=DATE(2026,2,29))), (--([1]EDI!$Q$2:$Q$10000="On Hold")))} -> 0 | R31: {=SUMPRODUCT( (--(INT([1]EDI!$R$2:$R$10000)>=DATE(2026,3,1))), (--(INT([1]EDI!$R$2:$R$10000)<=DATE(2026,3,31))), (--([1]EDI!$Q$2:$Q$10000="On Hold")))} -> 0 | S31: {=SUMPRODUCT( (--(INT([1]EDI!$R$2:$R$10000)>=DATE(2026,4,1))), (--(INT([1]EDI!$R$2:$R$10000)<=DATE(2026,4,30))), (--([1]EDI!$Q$2:$Q$10000="On Hold")))} -> 0 | T31: {=SUMPRODUCT( (--(INT([1]EDI!$R$2:$R$10000)>=DATE(2026,5,1))), (--(INT([1]EDI!$R$2:$R$10000)<=DATE(2026,5,31))), (--([1]EDI!$Q$2:$Q$10000="On Hold")))} -> 0 | U31: {=SUMPRODUCT( (--(INT([1]EDI!$R$2:$R$10000)>=DATE(2026,6,1))), (--(INT([1]EDI!$R$2:$R$10000)<=DATE(2026,6,30))), (--([1]EDI!$Q$2:$Q$10000="On Hold")))} -> 0
A32: Blocked | C32: {=SUMPRODUCT( (--(INT([1]EDI!$R$2:$R$10000)>=DATE(2025,1,1))), (--(INT([1]EDI!$R$2:$R$10000)<=DATE(2025,1,31))), (--([1]EDI!$Q$2:$Q$10000="Blocked")))} -> 0 | D32: {=SUMPRODUCT( (--(INT([1]EDI!$R$2:$R$10000)>=DATE(2025,2,1))), (--(INT([1]EDI!$R$2:$R$10000)<=DATE(2025,2,29))), (--([1]EDI!$Q$2:$Q$10000="Blocked")))} -> 0 | E32: {=SUMPRODUCT( (--(INT([1]EDI!$R$2:$R$10000)>=DATE(2025,3,1))), (--(INT([1]EDI!$R$2:$R$10000)<=DATE(2025,3,31))), (--([1]EDI!$Q$2:$Q$10000="Blocked")))} -> 0 | F32: {=SUMPRODUCT( (--(INT([1]EDI!$R$2:$R$10000)>=DATE(2025,4,1))), (--(INT([1]EDI!$R$2:$R$10000)<=DATE(2025,4,30))), (--([1]EDI!$Q$2:$Q$10000="Blocked")))} -> 0 | G32: {=SUMPRODUCT( (--(INT([1]EDI!$R$2:$R$10000)>=DATE(2025,5,1))), (--(INT([1]EDI!$R$2:$R$10000)<=DATE(2025,5,31))), (--([1]EDI!$Q$2:$Q$10000="Blocked")))} -> 0 | H32: {=SUMPRODUCT( (--(INT([1]EDI!$R$2:$R$10000)>=DATE(2025,6,1))), (--(INT([1]EDI!$R$2:$R$10000)<=DATE(2025,6,30))), (--([1]EDI!$Q$2:$Q$10000="Blocked")))} -> 0 | I32: {=SUMPRODUCT( (--(INT([1]EDI!$R$2:$R$10000)>=DATE(2025,7,1))), (--(INT([1]EDI!$R$2:$R$10000)<=DATE(2025,7,31))), (--([1]EDI!$Q$2:$Q$10000="Blocked")))} -> 0 | J32: {=SUMPRODUCT( (--(INT([1]EDI!$R$2:$R$10000)>=DATE(2025,1,1))), (--(INT([1]EDI!$R$2:$R$10000)<=DATE(2025,1,31))), (--([1]EDI!$Q$2:$Q$10000="Blocked")))} -> 0 | K32: {=SUMPRODUCT( (--(INT([1]EDI!$R$2:$R$10000)>=DATE(2025,8,1))), (--(INT([1]EDI!$R$2:$R$10000)<=DATE(2025,8,31))), (--([1]EDI!$Q$2:$Q$10000="Blocked")))} -> 0 | L32: {=SUMPRODUCT( (--(INT([1]EDI!$R$2:$R$10000)>=DATE(2025,9,1))), (--(INT([1]EDI!$R$2:$R$10000)<=DATE(2025,9,30))), (--([1]EDI!$Q$2:$Q$10000="Blocked")))} -> 0 | M32: {=SUMPRODUCT( (--(INT([1]EDI!$R$2:$R$10000)>=DATE(2025,10,1))), (--(INT([1]EDI!$R$2:$R$10000)<=DATE(2025,10,31))), (--([1]EDI!$Q$2:$Q$10000="Blocked")))} -> 0 | N32: {=SUMPRODUCT( (--(INT([1]EDI!$R$2:$R$10000)>=DATE(2025,11,1))), (--(INT([1]EDI!$R$2:$R$10000)<=DATE(2025,11,30))), (--([1]EDI!$Q$2:$Q$10000="Blocked")))} -> 0 | O32: {=SUMPRODUCT( (--(INT([1]EDI!$R$2:$R$10000)>=DATE(2025,12,1))), (--(INT([1]EDI!$R$2:$R$10000)<=DATE(2025,12,31))), (--([1]EDI!$Q$2:$Q$10000="Blocked")))} -> 0 | P32: {=SUMPRODUCT( (--(INT([1]EDI!$R$2:$R$10000)>=DATE(2026,1,1))), (--(INT([1]EDI!$R$2:$R$10000)<=DATE(2026,1,31))), (--([1]EDI!$Q$2:$Q$10000="Blocked")))} -> 0 | Q32: {=SUMPRODUCT( (--(INT([1]EDI!$R$2:$R$10000)>=DATE(2026,2,1))), (--(INT([1]EDI!$R$2:$R$10000)<=DATE(2026,2,29))), (--([1]EDI!$Q$2:$Q$10000="Blocked")))} -> 0 | R32: {=SUMPRODUCT( (--(INT([1]EDI!$R$2:$R$10000)>=DATE(2026,3,1))), (--(INT([1]EDI!$R$2:$R$10000)<=DATE(2026,3,31))), (--([1]EDI!$Q$2:$Q$10000="Blocked")))} -> 0 | S32: {=SUMPRODUCT( (--(INT([1]EDI!$R$2:$R$10000)>=DATE(2026,4,1))), (--(INT([1]EDI!$R$2:$R$10000)<=DATE(2026,4,30))), (--([1]EDI!$Q$2:$Q$10000="Blocked")))} -> 0 | T32: {=SUMPRODUCT( (--(INT([1]EDI!$R$2:$R$10000)>=DATE(2026,5,1))), (--(INT([1]EDI!$R$2:$R$10000)<=DATE(2026,5,31))), (--([1]EDI!$Q$2:$Q$10000="Blocked")))} -> 0 | U32: {=SUMPRODUCT( (--(INT([1]EDI!$R$2:$R$10000)>=DATE(2026,6,1))), (--(INT([1]EDI!$R$2:$R$10000)<=DATE(2026,6,30))), (--([1]EDI!$Q$2:$Q$10000="Blocked")))} -> 0
A33: Child CRs | C33: 0 | D33: 1 | E33: 2 | F33: 3 | G33: 4 | H33: 5 | I33: 6 | J33: 7 | K33: 8 | L33: 9 | M33: 10 | N33: 11 | O33: 12 | P33: 8 | Q33: 8 | R33: 6 | S33: 4
A34: Total | C34: =C28+C29+C31+C32-C33 -> 88 | D34: =D27+D28+D29+D31+D32-D33 -> 51 | E34: =E27+E28+E29+E31+E32-E33 -> 46 | F34: =F27+F28+F29+F31+F32-F33 -> 57 | G34: =G27+G28+G29+G31+G32-G33 -> 22 | H34: =H27+H28+H29+H31+H32-H33 -> 42 | I34: =I27+I28+I29+I31+I32-I33 -> 37 | K34: =K27+K28+K29+K31+K32-K33 -> 30 | L34: =L27+L28+L29+L31+L32-L33 -> 45 | M34: =M27+M28+M29+M31+M32-M33 -> 44 | N34: =N27+N28+N29+N31+N32-N33 -> 73 | O34: =O27+O28+O29+O31+O32-O33 -> 116 | P34: =P27+P28+P29+P31+P32-P33 -> 126 | Q34: =Q27+Q28+Q29+Q31+Q32-Q33 -> 108 | R34: =R27+R28+R29+R31+R32-R33 -> 88 | ... U34: =U27+U28+U29+U31+U32-U33 -> 123
A35: Total (Migrations) | C35: {=SUMPRODUCT( --(MONTH([1]EDI!$R$2:$R$10000)=1), --(YEAR([1]EDI!$R$2:$R$10000)=2025), --([1]EDI!$I$2:$I$10000="EDI"), --ISNUMBER(MATCH([1]EDI!$O$2:$O$10000, {"Everything Benefits","eBenefits Network"}, 0)), --(LOWER([1]EDI!$Q$2:$Q$10000)<>"Cancelled") )} -> 2 | D35: {=SUMPRODUCT( --(MONTH([1]EDI!$R$2:$R$10000)=2), --(YEAR([1]EDI!$R$2:$R$10000)=2025), --([1]EDI!$I$2:$I$10000="EDI"), --ISNUMBER(MATCH([1]EDI!$O$2:$O$10000, {"Everything Benefits","eBenefits Network"}, 0)), --(LOWER([1]EDI!$Q$2:$Q$10000)<>"Cancelled") )} -> 1 | E35: {=SUMPRODUCT( --(MONTH([1]EDI!$R$2:$R$10000)=3), --(YEAR([1]EDI!$R$2:$R$10000)=2025), --([1]EDI!$I$2:$I$10000="EDI"), --ISNUMBER(MATCH([1]EDI!$O$2:$O$10000, {"Everything Benefits","eBenefits Network"}, 0)), --(LOWER([1]EDI!$Q$2:$Q$10000)<>"Cancelled") )} -> 0 | F35: {=SUMPRODUCT( --(MONTH([1]EDI!$R$2:$R$10000)=4), --(YEAR([1]EDI!$R$2:$R$10000)=2025), --([1]EDI!$I$2:$I$10000="EDI"), --ISNUMBER(MATCH([1]EDI!$O$2:$O$10000, {"Everything Benefits","eBenefits Network"}, 0)), --(LOWER([1]EDI!$Q$2:$Q$10000)<>"Cancelled") )} -> 3 | G35: {=SUMPRODUCT( --(MONTH([1]EDI!$R$2:$R$10000)=5), --(YEAR([1]EDI!$R$2:$R$10000)=2025), --([1]EDI!$I$2:$I$10000="EDI"), --ISNUMBER(MATCH([1]EDI!$O$2:$O$10000, {"Everything Benefits","eBenefits Network"}, 0)), --(LOWER([1]EDI!$Q$2:$Q$10000)<>"Cancelled") )} -> 0 | H35: {=SUMPRODUCT( --(MONTH([1]EDI!$R$2:$R$10000)=6), --(YEAR([1]EDI!$R$2:$R$10000)=2025), --([1]EDI!$I$2:$I$10000="EDI"), --ISNUMBER(MATCH([1]EDI!$O$2:$O$10000, {"Everything Benefits","eBenefits Network"}, 0)), --(LOWER([1]EDI!$Q$2:$Q$10000)<>"Cancelled") )} -> 5 | I35: {=SUMPRODUCT( --(MONTH([1]EDI!$R$2:$R$10000)=7), --(YEAR([1]EDI!$R$2:$R$10000)=2025), --([1]EDI!$I$2:$I$10000="EDI"), --ISNUMBER(MATCH([1]EDI!$O$2:$O$10000, {"Everything Benefits","eBenefits Network"}, 0)), --(LOWER([1]EDI!$Q$2:$Q$10000)<>"Cancelled") )} -> 1 | J35: {=SUMPRODUCT( --(MONTH([1]EDI!$R$2:$R$10000)=1), --(YEAR([1]EDI!$R$2:$R$10000)=2025), --([1]EDI!$I$2:$I$10000="EDI"), --ISNUMBER(MATCH([1]EDI!$O$2:$O$10000, {"Everything Benefits","eBenefits Network"}, 0)), --(LOWER([1]EDI!$Q$2:$Q$10000)<>"Cancelled") )} -> 2 | K35: {=SUMPRODUCT( --(MONTH([1]EDI!$R$2:$R$10000)=8), --(YEAR([1]EDI!$R$2:$R$10000)=2025), --([1]EDI!$I$2:$I$10000="EDI"), --ISNUMBER(MATCH([1]EDI!$O$2:$O$10000, {"Everything Benefits","eBenefits Network"}, 0)), --(LOWER([1]EDI!$Q$2:$Q$10000)<>"Cancelled") )} -> 0 | L35: {=SUMPRODUCT( --(MONTH([1]EDI!$R$2:$R$10000)=9), --(YEAR([1]EDI!$R$2:$R$10000)=2025), --([1]EDI!$I$2:$I$10000="EDI"), --ISNUMBER(MATCH([1]EDI!$O$2:$O$10000, {"Everything Benefits","eBenefits Network"}, 0)), --(LOWER([1]EDI!$Q$2:$Q$10000)<>"Cancelled") )} -> 4 | M35: {=SUMPRODUCT( --(MONTH([1]EDI!$R$2:$R$10000)=10), --(YEAR([1]EDI!$R$2:$R$10000)=2025), --([1]EDI!$I$2:$I$10000="EDI"), --ISNUMBER(MATCH([1]EDI!$O$2:$O$10000, {"Everything Benefits","eBenefits Network"}, 0)), --(LOWER([1]EDI!$Q$2:$Q$10000)<>"Cancelled") )} -> 11 | N35: {=SUMPRODUCT( --(MONTH([1]EDI!$R$2:$R$10000)=11), --(YEAR([1]EDI!$R$2:$R$10000)=2025), --([1]EDI!$I$2:$I$10000="EDI"), --ISNUMBER(MATCH([1]EDI!$O$2:$O$10000, {"Everything Benefits","eBenefits Network"}, 0)), --(LOWER([1]EDI!$Q$2:$Q$10000)<>"Cancelled") )} -> 8 | O35: {=SUMPRODUCT( --(MONTH([1]EDI!$R$2:$R$10000)=12), --(YEAR([1]EDI!$R$2:$R$10000)=2025), --([1]EDI!$I$2:$I$10000="EDI"), --ISNUMBER(MATCH([1]EDI!$O$2:$O$10000, {"Everything Benefits","eBenefits Network"}, 0)), --(LOWER([1]EDI!$Q$2:$Q$10000)<>"Cancelled") )} -> 0 | P35: {=SUMPRODUCT( --(MONTH([1]EDI!$R$2:$R$10000)=1), --(YEAR([1]EDI!$R$2:$R$10000)=2026), --([1]EDI!$I$2:$I$10000="EDI"), --ISNUMBER(MATCH([1]EDI!$O$2:$O$10000, {"Everything Benefits","eBenefits Network"}, 0)), --(LOWER([1]EDI!$Q$2:$Q$10000)<>"Cancelled") )} -> 3 | Q35: {=SUMPRODUCT( --(MONTH([1]EDI!$R$2:$R$10000)=2), --(YEAR([1]EDI!$R$2:$R$10000)=2026), --([1]EDI!$I$2:$I$10000="EDI"), --ISNUMBER(MATCH([1]EDI!$O$2:$O$10000, {"Everything Benefits","eBenefits Network"}, 0)), --(LOWER([1]EDI!$Q$2:$Q$10000)<>"Cancelled") )} -> 7 | R35: {=SUMPRODUCT( --(MONTH([1]EDI!$R$2:$R$10000)=3), --(YEAR([1]EDI!$R$2:$R$10000)=2026), --([1]EDI!$I$2:$I$10000="EDI"), --ISNUMBER(MATCH([1]EDI!$O$2:$O$10000, {"Everything Benefits","eBenefits Network"}, 0)), --(LOWER([1]EDI!$Q$2:$Q$10000)<>"Cancelled") )} -> 24 | S35: {=SUMPRODUCT( --(MONTH([1]EDI!$R$2:$R$10000)=4), --(YEAR([1]EDI!$R$2:$R$10000)=2026), --([1]EDI!$I$2:$I$10000="EDI"), --ISNUMBER(MATCH([1]EDI!$O$2:$O$10000, {"Everything Benefits","eBenefits Network"}, 0)), --(LOWER([1]EDI!$Q$2:$Q$10000)<>"Cancelled") )} -> 44 | T35: {=SUMPRODUCT( --(MONTH([1]EDI!$R$2:$R$10000)=5), --(YEAR([1]EDI!$R$2:$R$10000)=2026), --([1]EDI!$I$2:$I$10000="EDI"), --ISNUMBER(MATCH([1]EDI!$O$2:$O$10000, {"Everything Benefits","eBenefits Network"}, 0)), --(LOWER([1]EDI!$Q$2:$Q$10000)<>"Cancelled") )} -> 31 | U35: {=SUMPRODUCT( --(MONTH([1]EDI!$R$2:$R$10000)=6), --(YEAR([1]EDI!$R$2:$R$10000)=2026), --([1]EDI!$I$2:$I$10000="EDI"), --ISNUMBER(MATCH([1]EDI!$O$2:$O$10000, {"Everything Benefits","eBenefits Network"}, 0)), --(LOWER([1]EDI!$Q$2:$Q$10000)<>"Cancelled") )} -> 30 | Y35: =SUM(C35:O35) -> 37
A36: Total Forms | C36: {=SUMPRODUCT( --(MONTH([1]EDI!$R$2:$R$10000)=1), --(YEAR([1]EDI!$R$2:$R$10000)=2025), --([1]EDI!$I$2:$I$10000="Forms"), --(LOWER([1]EDI!$Q$2:$Q$10000)<>"cancelled") )} -> 0 | D36: {=SUMPRODUCT( --(MONTH([1]EDI!$R$2:$R$10000)=2), --(YEAR([1]EDI!$R$2:$R$10000)=2025), --([1]EDI!$I$2:$I$10000="Forms"), --(LOWER([1]EDI!$Q$2:$Q$10000)<>"cancelled") )} -> 0 | E36: {=SUMPRODUCT( --(MONTH([1]EDI!$R$2:$R$10000)=3), --(YEAR([1]EDI!$R$2:$R$10000)=2025), --([1]EDI!$I$2:$I$10000="Forms"), --(LOWER([1]EDI!$Q$2:$Q$10000)<>"cancelled") )} -> 0 | F36: {=SUMPRODUCT( --(MONTH([1]EDI!$R$2:$R$10000)=4), --(YEAR([1]EDI!$R$2:$R$10000)=2025), --([1]EDI!$I$2:$I$10000="Forms"), --(LOWER([1]EDI!$Q$2:$Q$10000)<>"cancelled") )} -> 0 | G36: {=SUMPRODUCT( --(MONTH([1]EDI!$R$2:$R$10000)=5), --(YEAR([1]EDI!$R$2:$R$10000)=2025), --([1]EDI!$I$2:$I$10000="Forms"), --(LOWER([1]EDI!$Q$2:$Q$10000)<>"cancelled") )} -> 0 | H36: {=SUMPRODUCT( --(MONTH([1]EDI!$R$2:$R$10000)=6), --(YEAR([1]EDI!$R$2:$R$10000)=2025), --([1]EDI!$I$2:$I$10000="Forms"), --(LOWER([1]EDI!$Q$2:$Q$10000)<>"cancelled") )} -> 0 | I36: {=SUMPRODUCT( --(MONTH([1]EDI!$R$2:$R$10000)=7), --(YEAR([1]EDI!$R$2:$R$10000)=2025), --([1]EDI!$I$2:$I$10000="Forms"), --(LOWER([1]EDI!$Q$2:$Q$10000)<>"cancelled") )} -> 0 | J36: {=SUMPRODUCT( --(MONTH([1]EDI!$R$2:$R$10000)=1), --(YEAR([1]EDI!$R$2:$R$10000)=2025), --([1]EDI!$I$2:$I$10000="Forms"), --(LOWER([1]EDI!$Q$2:$Q$10000)<>"cancelled") )} -> 0 | K36: {=SUMPRODUCT( --(MONTH([1]EDI!$R$2:$R$10000)=8), --(YEAR([1]EDI!$R$2:$R$10000)=2025), --([1]EDI!$I$2:$I$10000="Forms"), --(LOWER([1]EDI!$Q$2:$Q$10000)<>"cancelled") )} -> 0 | L36: {=SUMPRODUCT( --(MONTH([1]EDI!$R$2:$R$10000)=9), --(YEAR([1]EDI!$R$2:$R$10000)=2025), --([1]EDI!$I$2:$I$10000="Forms"), --(LOWER([1]EDI!$Q$2:$Q$10000)<>"cancelled") )} -> 0 | M36: {=SUMPRODUCT( --(MONTH([1]EDI!$R$2:$R$10000)=10), --(YEAR([1]EDI!$R$2:$R$10000)=2025), --([1]EDI!$I$2:$I$10000="Forms"), --(LOWER([1]EDI!$Q$2:$Q$10000)<>"cancelled") )} -> 0 | N36: {=SUMPRODUCT( --(MONTH([1]EDI!$R$2:$R$10000)=11), --(YEAR([1]EDI!$R$2:$R$10000)=2025), --([1]EDI!$I$2:$I$10000="Forms"), --(LOWER([1]EDI!$Q$2:$Q$10000)<>"cancelled") )} -> 0 | O36: {=SUMPRODUCT( --(MONTH([1]EDI!$R$2:$R$10000)=12), --(YEAR([1]EDI!$R$2:$R$10000)=2025), --([1]EDI!$I$2:$I$10000="Forms"), --(LOWER([1]EDI!$Q$2:$Q$10000)<>"cancelled") )} -> 0 | P36: {=SUMPRODUCT( --(MONTH([1]EDI!$R$2:$R$10000)=1), --(YEAR([1]EDI!$R$2:$R$10000)=2026), --([1]EDI!$I$2:$I$10000="Forms"), --(LOWER([1]EDI!$Q$2:$Q$10000)<>"cancelled") )} -> 11 | Q36: {=SUMPRODUCT( --(MONTH([1]EDI!$R$2:$R$10000)=2), --(YEAR([1]EDI!$R$2:$R$10000)=2026), --([1]EDI!$I$2:$I$10000="Forms"), --(LOWER([1]EDI!$Q$2:$Q$10000)<>"cancelled") )} -> 1 | R36: {=SUMPRODUCT( --(MONTH([1]EDI!$R$2:$R$10000)=3), --(YEAR([1]EDI!$R$2:$R$10000)=2026), --([1]EDI!$I$2:$I$10000="Forms"), --(LOWER([1]EDI!$Q$2:$Q$10000)<>"cancelled") )} -> 4 | S36: {=SUMPRODUCT( --(MONTH([1]EDI!$R$2:$R$10000)=4), --(YEAR([1]EDI!$R$2:$R$10000)=2026), --([1]EDI!$I$2:$I$10000="Forms"), --(LOWER([1]EDI!$Q$2:$Q$10000)<>"cancelled") )} -> 6 | T36: {=SUMPRODUCT( --(MONTH([1]EDI!$R$2:$R$10000)=5), --(YEAR([1]EDI!$R$2:$R$10000)=2026), --([1]EDI!$I$2:$I$10000="Forms"), --(LOWER([1]EDI!$Q$2:$Q$10000)<>"cancelled") )} -> 2 | U36: {=SUMPRODUCT( --(MONTH([1]EDI!$R$2:$R$10000)=6), --(YEAR([1]EDI!$R$2:$R$10000)=2026), --([1]EDI!$I$2:$I$10000="Forms"), --(LOWER([1]EDI!$Q$2:$Q$10000)<>"cancelled") )} -> 2 | Y36: =SUM(C36:R36) -> 16
A37: Canceled Forms | C37: {=SUMPRODUCT( --(MONTH([1]EDI!$R$2:$R$10000)=1), --(YEAR([1]EDI!$R$2:$R$10000)=2025), --([1]EDI!$I$2:$I$10000="Forms"), --(LOWER([1]EDI!$Q$2:$Q$10000)="cancelled") )} -> 2 | D37: {=SUMPRODUCT( --(MONTH([1]EDI!$R$2:$R$10000)=2), --(YEAR([1]EDI!$R$2:$R$10000)=2025), --([1]EDI!$I$2:$I$10000="Forms"), --(LOWER([1]EDI!$Q$2:$Q$10000)="cancelled") )} -> 6 | E37: {=SUMPRODUCT( --(MONTH([1]EDI!$R$2:$R$10000)=3), --(YEAR([1]EDI!$R$2:$R$10000)=2025), --([1]EDI!$I$2:$I$10000="Forms"), --(LOWER([1]EDI!$Q$2:$Q$10000)="cancelled") )} -> 0 | F37: {=SUMPRODUCT( --(MONTH([1]EDI!$R$2:$R$10000)=4), --(YEAR([1]EDI!$R$2:$R$10000)=2025), --([1]EDI!$I$2:$I$10000="Forms"), --(LOWER([1]EDI!$Q$2:$Q$10000)="cancelled") )} -> 1 | G37: {=SUMPRODUCT( --(MONTH([1]EDI!$R$2:$R$10000)=5), --(YEAR([1]EDI!$R$2:$R$10000)=2025), --([1]EDI!$I$2:$I$10000="Forms"), --(LOWER([1]EDI!$Q$2:$Q$10000)="cancelled") )} -> 3 | H37: {=SUMPRODUCT( --(MONTH([1]EDI!$R$2:$R$10000)=6), --(YEAR([1]EDI!$R$2:$R$10000)=2025), --([1]EDI!$I$2:$I$10000="Forms"), --(LOWER([1]EDI!$Q$2:$Q$10000)="cancelled") )} -> 0 | I37: {=SUMPRODUCT( --(MONTH([1]EDI!$R$2:$R$10000)=7), --(YEAR([1]EDI!$R$2:$R$10000)=2025), --([1]EDI!$I$2:$I$10000="Forms"), --(LOWER([1]EDI!$Q$2:$Q$10000)="cancelled") )} -> 0 | J37: {=SUMPRODUCT( --(MONTH([1]EDI!$R$2:$R$10000)=1), --(YEAR([1]EDI!$R$2:$R$10000)=2025), --([1]EDI!$I$2:$I$10000="Forms"), --(LOWER([1]EDI!$Q$2:$Q$10000)="cancelled") )} -> 2 | K37: {=SUMPRODUCT( --(MONTH([1]EDI!$R$2:$R$10000)=8), --(YEAR([1]EDI!$R$2:$R$10000)=2025), --([1]EDI!$I$2:$I$10000="Forms"), --(LOWER([1]EDI!$Q$2:$Q$10000)="cancelled") )} -> 0 | L37: {=SUMPRODUCT( --(MONTH([1]EDI!$R$2:$R$10000)=9), --(YEAR([1]EDI!$R$2:$R$10000)=2025), --([1]EDI!$I$2:$I$10000="Forms"), --(LOWER([1]EDI!$Q$2:$Q$10000)="cancelled") )} -> 0 | M37: {=SUMPRODUCT( --(MONTH([1]EDI!$R$2:$R$10000)=10), --(YEAR([1]EDI!$R$2:$R$10000)=2025), --([1]EDI!$I$2:$I$10000="Forms"), --(LOWER([1]EDI!$Q$2:$Q$10000)="cancelled") )} -> 0 | N37: {=SUMPRODUCT( --(MONTH([1]EDI!$R$2:$R$10000)=11), --(YEAR([1]EDI!$R$2:$R$10000)=2025), --([1]EDI!$I$2:$I$10000="Forms"), --(LOWER([1]EDI!$Q$2:$Q$10000)="cancelled") )} -> 0 | O37: {=SUMPRODUCT( --(MONTH([1]EDI!$R$2:$R$10000)=12), --(YEAR([1]EDI!$R$2:$R$10000)=2025), --([1]EDI!$I$2:$I$10000="Forms"), --(LOWER([1]EDI!$Q$2:$Q$10000)="cancelled") )} -> 0 | P37: {=SUMPRODUCT( --(MONTH([1]EDI!$R$2:$R$10000)=1), --(YEAR([1]EDI!$R$2:$R$10000)=2026), --([1]EDI!$I$2:$I$10000="Forms"), --(LOWER([1]EDI!$Q$2:$Q$10000)="cancelled") )} -> 7 | Q37: {=SUMPRODUCT( --(MONTH([1]EDI!$R$2:$R$10000)=2), --(YEAR([1]EDI!$R$2:$R$10000)=2026), --([1]EDI!$I$2:$I$10000="Forms"), --(LOWER([1]EDI!$Q$2:$Q$10000)="cancelled") )} -> 0 | R37: {=SUMPRODUCT( --(MONTH([1]EDI!$R$2:$R$10000)=3), --(YEAR([1]EDI!$R$2:$R$10000)=2026), --([1]EDI!$I$2:$I$10000="Forms"), --(LOWER([1]EDI!$Q$2:$Q$10000)="cancelled") )} -> 1 | S37: {=SUMPRODUCT( --(MONTH([1]EDI!$R$2:$R$10000)=4), --(YEAR([1]EDI!$R$2:$R$10000)=2026), --([1]EDI!$I$2:$I$10000="Forms"), --(LOWER([1]EDI!$Q$2:$Q$10000)="cancelled") )} -> 0 | T37: {=SUMPRODUCT( --(MONTH([1]EDI!$R$2:$R$10000)=5), --(YEAR([1]EDI!$R$2:$R$10000)=2026), --([1]EDI!$I$2:$I$10000="Forms"), --(LOWER([1]EDI!$Q$2:$Q$10000)="cancelled") )} -> 1 | U37: {=SUMPRODUCT( --(MONTH([1]EDI!$R$2:$R$10000)=6), --(YEAR([1]EDI!$R$2:$R$10000)=2026), --([1]EDI!$I$2:$I$10000="Forms"), --(LOWER([1]EDI!$Q$2:$Q$10000)="cancelled") )} -> 0
A39: Month Output | C39: 45658 | D39: 45689 | E39: 45717 | F39: 45748 | G39: 45778 | H39: 45809 | I39: 45839 | K39: 45870 | L39: 45901 | M39: 45931 | N39: 45962 | O39: 45992 | P39: 46023 | Q39: 46054 | R39: 46082 | S39: 46113 | T39: 46143 | U39: 46174
A40: First Production File Date | C40: {=SUMPRODUCT((MONTH([1]EDI!$W$2:$W$10000)=1)* (YEAR([1]EDI!$W$2:$W$10000)=2025))} -> 30 | D40: {=SUMPRODUCT((MONTH([1]EDI!$Y$2:$Y$10000)=2)* (YEAR([1]EDI!$Y$2:$Y$10000)=2025))} -> 80 | E40: {=SUMPRODUCT((MONTH([1]EDI!$Y$2:$Y$10000)=3)* (YEAR([1]EDI!$Y$2:$Y$10000)=2025))} -> 66 | F40: {=SUMPRODUCT((MONTH([1]EDI!$Y$2:$Y$10000)=4)* (YEAR([1]EDI!$Y$2:$Y$10000)=2025))} -> 54 | G40: {=SUMPRODUCT((MONTH([1]EDI!$Y$2:$Y$10000)=5)* (YEAR([1]EDI!$Y$2:$Y$10000)=2025))} -> 62 | H40: {=SUMPRODUCT((MONTH([1]EDI!$Y$2:$Y$10000)=6)* (YEAR([1]EDI!$Y$2:$Y$10000)=2025))} -> 55 | I40: {=SUMPRODUCT((MONTH([1]EDI!$Y$2:$Y$10000)=7)* (YEAR([1]EDI!$Y$2:$Y$10000)=2025))} -> 49 | K40: {=SUMPRODUCT((MONTH([1]EDI!$Y$2:$Y$10000)=8)* (YEAR([1]EDI!$Y$2:$Y$10000)=2025))} -> 45 | L40: {=SUMPRODUCT((MONTH([1]EDI!$Y$2:$Y$10000)=9)* (YEAR([1]EDI!$Y$2:$Y$10000)=2025))} -> 58 | M40: {=SUMPRODUCT((MONTH([1]EDI!$Y$2:$Y$10000)=10)* (YEAR([1]EDI!$Y$2:$Y$10000)=2025))} -> 44 | N40: {=SUMPRODUCT((MONTH([1]EDI!$Y$2:$Y$10000)=11)* (YEAR([1]EDI!$Y$2:$Y$10000)=2025))} -> 56 | O40: {=SUMPRODUCT((MONTH([1]EDI!$Y$2:$Y$10000)=12)* (YEAR([1]EDI!$Y$2:$Y$10000)=2025))} -> 87 | P40: {=SUMPRODUCT((MONTH([1]EDI!$Y$2:$Y$10000)=1)* (YEAR([1]EDI!$Y$2:$Y$10000)=2026))} -> 93 | Q40: {=SUMPRODUCT((MONTH([1]EDI!$Y$2:$Y$10000)=2)* (YEAR([1]EDI!$Y$2:$Y$10000)=2026))} -> 111 | R40: {=SUMPRODUCT((MONTH([1]EDI!$Y$2:$Y$10000)=3)* (YEAR([1]EDI!$Y$2:$Y$10000)=2026))} -> 103 | S40: {=SUMPRODUCT((MONTH([1]EDI!$Y$2:$Y$10000)=4)* (YEAR([1]EDI!$Y$2:$Y$10000)=2026))} -> 117 | T40: {=SUMPRODUCT((MONTH([1]EDI!$Y$2:$Y$10000)=5)* (YEAR([1]EDI!$Y$2:$Y$10000)=2026))} -> 66 | U40: {=SUMPRODUCT((MONTH([1]EDI!$Y$2:$Y$10000)=6)* (YEAR([1]EDI!$Y$2:$Y$10000)=2026))} -> 109
A41: Production Date | C41: {=SUMPRODUCT((MONTH([1]EDI!$AC$2:$AC$10000)=1)* (YEAR([1]EDI!$AC$2:$AC$10000)=2025))} -> 51 | D41: {=SUMPRODUCT((MONTH([1]EDI!$AC$2:$AC$10000)=2)* (YEAR([1]EDI!$AC$2:$AC$10000)=2025))} -> 59 | E41: {=SUMPRODUCT((MONTH([1]EDI!$AC$2:$AC$10000)=3)* (YEAR([1]EDI!$AC$2:$AC$10000)=2025))} -> 73 | F41: {=SUMPRODUCT((MONTH([1]EDI!$AC$2:$AC$10000)=4)* (YEAR([1]EDI!$AC$2:$AC$10000)=2025))} -> 74 | G41: {=SUMPRODUCT((MONTH([1]EDI!$AC$2:$AC$10000)=5)* (YEAR([1]EDI!$AC$2:$AC$10000)=2025))} -> 126 | H41: {=SUMPRODUCT((MONTH([1]EDI!$AC$2:$AC$10000)=6)* (YEAR([1]EDI!$AC$2:$AC$10000)=2025))} -> 49 | I41: {=SUMPRODUCT((MONTH([1]EDI!$AC$2:$AC$10000)=7)* (YEAR([1]EDI!$AC$2:$AC$10000)=2025))} -> 69 | J41: {=SUMPRODUCT((MONTH([1]EDI!$AC$2:$AC$10000)=1)* (YEAR([1]EDI!$AC$2:$AC$10000)=2025))} -> 51 | K41: {=SUMPRODUCT((MONTH([1]EDI!$AC$2:$AC$10000)=8)* (YEAR([1]EDI!$AC$2:$AC$10000)=2025))} -> 70 | L41: {=SUMPRODUCT((MONTH([1]EDI!$AC$2:$AC$10000)=9)* (YEAR([1]EDI!$AC$2:$AC$10000)=2025))} -> 74 | M41: {=SUMPRODUCT((MONTH([1]EDI!$AC$2:$AC$10000)=10)* (YEAR([1]EDI!$AC$2:$AC$10000)=2025))} -> 78 | N41: {=SUMPRODUCT((MONTH([1]EDI!$AC$2:$AC$10000)=11)* (YEAR([1]EDI!$AC$2:$AC$10000)=2025))} -> 36 | O41: {=SUMPRODUCT((MONTH([1]EDI!$AC$2:$AC$10000)=12)* (YEAR([1]EDI!$AC$2:$AC$10000)=2025))} -> 70 | P41: {=SUMPRODUCT((MONTH([1]EDI!$AC$2:$AC$10000)=1)* (YEAR([1]EDI!$AC$2:$AC$10000)=2026))} -> 49 | Q41: {=SUMPRODUCT((MONTH([1]EDI!$AC$2:$AC$10000)=1)* (YEAR([1]EDI!$AC$2:$AC$10000)=2026))} -> 49 | R41: {=SUMPRODUCT((MONTH([1]EDI!$AC$2:$AC$10000)=1)* (YEAR([1]EDI!$AC$2:$AC$10000)=2026))} -> 49 | S41: {=SUMPRODUCT((MONTH([1]EDI!$AC$2:$AC$10000)=1)* (YEAR([1]EDI!$AC$2:$AC$10000)=2026))} -> 49 | T41: {=SUMPRODUCT((MONTH([1]EDI!$AC$2:$AC$10000)=1)* (YEAR([1]EDI!$AC$2:$AC$10000)=2026))} -> 49 | U41: {=SUMPRODUCT((MONTH([1]EDI!$AC$2:$AC$10000)=1)* (YEAR([1]EDI!$AC$2:$AC$10000)=2026))} -> 49
A42: Child CRs in Production | C42: {=SUMPRODUCT( (--([1]EDI!$S$2:$S$10000="Dina Medhat") * --([1]EDI!$Q$2:$Q$10000="Live") * --([1]EDI!$N$2:$N$10000="Production") * --([1]EDI!$I$2:$I$10000="EDI") * --(MONTH([1]EDI!$AC$2:$AC$10000)=1) * --(YEAR([1]EDI!$AC$2:$AC$10000)=2025) ) )} -> 8 | D42: {=SUMPRODUCT( (--([1]EDI!$S$2:$S$10000="Dina Medhat") * --([1]EDI!$Q$2:$Q$10000="Live") * --([1]EDI!$N$2:$N$10000="Production") * --([1]EDI!$I$2:$I$10000="EDI") * --(MONTH([1]EDI!$AC$2:$AC$10000)=2) * --(YEAR([1]EDI!$AC$2:$AC$10000)=2025) ) )} -> 1 | E42: {=SUMPRODUCT( (--([1]EDI!$S$2:$S$10000="Dina Medhat") * --([1]EDI!$Q$2:$Q$10000="Live") * --([1]EDI!$N$2:$N$10000="Production") * --([1]EDI!$I$2:$I$10000="EDI") * --(MONTH([1]EDI!$AC$2:$AC$10000)=3) * --(YEAR([1]EDI!$AC$2:$AC$10000)=2025) ) )} -> 0 | F42: {=SUMPRODUCT( (--([1]EDI!$S$2:$S$10000="Dina Medhat") * --([1]EDI!$Q$2:$Q$10000="Live") * --([1]EDI!$N$2:$N$10000="Production") * --([1]EDI!$I$2:$I$10000="EDI") * --(MONTH([1]EDI!$AC$2:$AC$10000)=4) * --(YEAR([1]EDI!$AC$2:$AC$10000)=2025) ) )} -> 0 | G42: {=SUMPRODUCT( (--([1]EDI!$S$2:$S$10000="Dina Medhat") * --([1]EDI!$Q$2:$Q$10000="Live") * --([1]EDI!$N$2:$N$10000="Production") * --([1]EDI!$I$2:$I$10000="EDI") * --(MONTH([1]EDI!$AC$2:$AC$10000)=5) * --(YEAR([1]EDI!$AC$2:$AC$10000)=2025) ) )} -> 23 | H42: {=SUMPRODUCT( (--([1]EDI!$S$2:$S$10000="Dina Medhat") * --([1]EDI!$Q$2:$Q$10000="Live") * --([1]EDI!$N$2:$N$10000="Production") * --([1]EDI!$I$2:$I$10000="EDI") * --(MONTH([1]EDI!$AC$2:$AC$10000)=6) * --(YEAR([1]EDI!$AC$2:$AC$10000)=2025) ) )} -> 0 | I42: {=SUMPRODUCT( (--([1]EDI!$S$2:$S$10000="Dina Medhat") * --([1]EDI!$Q$2:$Q$10000="Live") * --([1]EDI!$N$2:$N$10000="Production") * --([1]EDI!$I$2:$I$10000="EDI") * --(MONTH([1]EDI!$AC$2:$AC$10000)=7) * --(YEAR([1]EDI!$AC$2:$AC$10000)=2025) ) )} -> 2 | J42: {=SUMPRODUCT( (--([1]EDI!$S$2:$S$10000="Dina Medhat") * --([1]EDI!$Q$2:$Q$10000="Live") * --([1]EDI!$N$2:$N$10000="Production") * --([1]EDI!$I$2:$I$10000="EDI") * --(MONTH([1]EDI!$AC$2:$AC$10000)=1) * --(YEAR([1]EDI!$AC$2:$AC$10000)=2025) ) )} -> 8 | K42: {=SUMPRODUCT( (--([1]EDI!$S$2:$S$10000="Dina Medhat") * --([1]EDI!$Q$2:$Q$10000="Live") * --([1]EDI!$N$2:$N$10000="Production") * --([1]EDI!$I$2:$I$10000="EDI") * --(MONTH([1]EDI!$AC$2:$AC$10000)=8) * --(YEAR([1]EDI!$AC$2:$AC$10000)=2025) ) )} -> 11 | L42: {=SUMPRODUCT( (--([1]EDI!$S$2:$S$10000="Dina Medhat") * --([1]EDI!$Q$2:$Q$10000="Live") * --([1]EDI!$N$2:$N$10000="Production") * --([1]EDI!$I$2:$I$10000="EDI") * --(MONTH([1]EDI!$AC$2:$AC$10000)=9) * --(YEAR([1]EDI!$AC$2:$AC$10000)=2025) ) )} -> 7 | M42: {=SUMPRODUCT( (--([1]EDI!$S$2:$S$10000="Dina Medhat") * --([1]EDI!$Q$2:$Q$10000="Live") * --([1]EDI!$N$2:$N$10000="Production") * --([1]EDI!$I$2:$I$10000="EDI") * --(MONTH([1]EDI!$AC$2:$AC$10000)=10) * --(YEAR([1]EDI!$AC$2:$AC$10000)=2025) ) )} -> 1 | N42: {=SUMPRODUCT( (--([1]EDI!$S$2:$S$10000="Dina Medhat") * --([1]EDI!$Q$2:$Q$10000="Live") * --([1]EDI!$N$2:$N$10000="Production") * --([1]EDI!$I$2:$I$10000="EDI") * --(MONTH([1]EDI!$AC$2:$AC$10000)=11) * --(YEAR([1]EDI!$AC$2:$AC$10000)=2025) ) )} -> 1 | O42: {=SUMPRODUCT( (--([1]EDI!$S$2:$S$10000="Dina Medhat") * --([1]EDI!$Q$2:$Q$10000="Live") * --([1]EDI!$N$2:$N$10000="Production") * --([1]EDI!$I$2:$I$10000="EDI") * --(MONTH([1]EDI!$AC$2:$AC$10000)=12) * --(YEAR([1]EDI!$AC$2:$AC$10000)=2025) ) )} -> 16 | P42: {=SUMPRODUCT( (--([1]EDI!$S$2:$S$10000="Dina Medhat") * --([1]EDI!$Q$2:$Q$10000="Live") * --([1]EDI!$N$2:$N$10000="Production") * --([1]EDI!$I$2:$I$10000="EDI") * --(MONTH([1]EDI!$AC$2:$AC$10000)=1) * --(YEAR([1]EDI!$AC$2:$AC$10000)=2026) ) )} -> 1 | Q42: {=SUMPRODUCT( (--([1]EDI!$S$2:$S$10000="Dina Medhat") * --([1]EDI!$Q$2:$Q$10000="Live") * --([1]EDI!$N$2:$N$10000="Production") * --([1]EDI!$I$2:$I$10000="EDI") * --(MONTH([1]EDI!$AC$2:$AC$10000)=2) * --(YEAR([1]EDI!$AC$2:$AC$10000)=2026) ) )} -> 28 | R42: {=SUMPRODUCT( (--([1]EDI!$S$2:$S$10000="Dina Medhat") * --([1]EDI!$Q$2:$Q$10000="Live") * --([1]EDI!$N$2:$N$10000="Production") * --([1]EDI!$I$2:$I$10000="EDI") * --(MONTH([1]EDI!$AC$2:$AC$10000)=3) * --(YEAR([1]EDI!$AC$2:$AC$10000)=2026) ) )} -> 13 | S42: {=SUMPRODUCT( (--([1]EDI!$S$2:$S$10000="Dina Medhat") * --([1]EDI!$Q$2:$Q$10000="Live") * --([1]EDI!$N$2:$N$10000="Production") * --([1]EDI!$I$2:$I$10000="EDI") * --(MONTH([1]EDI!$AC$2:$AC$10000)=4) * --(YEAR([1]EDI!$AC$2:$AC$10000)=2026) ) )} -> 5 | T42: {=SUMPRODUCT( (--([1]EDI!$S$2:$S$10000="Dina Medhat") * --([1]EDI!$Q$2:$Q$10000="Live") * --([1]EDI!$N$2:$N$10000="Production") * --([1]EDI!$I$2:$I$10000="EDI") * --(MONTH([1]EDI!$AC$2:$AC$10000)=5) * --(YEAR([1]EDI!$AC$2:$AC$10000)=2026) ) )} -> 5 | U42: {=SUMPRODUCT( (--([1]EDI!$S$2:$S$10000="Dina Medhat") * --([1]EDI!$Q$2:$Q$10000="Live") * --([1]EDI!$N$2:$N$10000="Production") * --([1]EDI!$I$2:$I$10000="EDI") * --(MONTH([1]EDI!$AC$2:$AC$10000)=6) * --(YEAR([1]EDI!$AC$2:$AC$10000)=2026) ) )} -> 2
A43: Actual Prod Number | C43: =C41-C42 -> 43 | D43: =D41-D42 -> 58 | E43: =E41-E42 -> 73 | F43: =F41-F42 -> 74 | G43: =G41-G42 -> 103 | H43: =H41-H42 -> 49 | I43: =I41-I42 -> 67 | J43: =J41-J42 -> 43 | ... U43: =U41-U42 -> 47
F44: =F43/C34 -> 0.84090909 | G44: =G43/D34 -> 2.0196078 | H44: =H43/E34 -> 1.0652174 | I44: =I43/F34 -> 1.1754386 | K44: =K43/I34 -> 1.5945946 | L44: =L43/K34 -> 2.2333333 | M44: =M43/L34 -> 1.7111111 | N44: =N43/M34 -> 0.79545455 | O44: =O43/N34 -> 0.73972603 | P44: =P43/O34 -> 0.4137931 | Q44: =Q43/P34 -> 0.16666667 | R44: =R43/Q34 -> 0.33333333 | S44: =S43/R34 -> 0.5 | ... U44: =U43/T34 -> 0.47959184
A45: Total Live Queue | C45: {=SUMPRODUCT( (--([1]EDI!$N$2:$N$10000="Production")* --([1]EDI!$Q$2:$Q$10000="Live")* --([1]EDI!$I$2:$I$10000="EDI") ))} -> 2560 | D45: Child CRs Live | E45: {=SUMPRODUCT( (--([1]EDI!$S$2:$S$10000="Dina Medhat") * --([1]EDI!$N$2:$N$10000="Production")* --([1]EDI!$Q$2:$Q$10000="Live") * --([1]EDI!$I$2:$I$10000="EDI") ) )} -> 163 | F45: Forms | G45: {=SUMPRODUCT( (--([1]EDI!$N$2:$N$10000="Production")* --([1]EDI!$Q$2:$Q$10000="Live")* --([1]EDI!$I$2:$I$10000="Forms") ))} -> 18 | H45: Disabled Production | I45: {=SUMPRODUCT( (--([1]EDI!$N$2:$N$10000="Production")* --([1]EDI!$Q$2:$Q$10000="Production Disabled")* --([1]EDI!$I$2:$I$10000="EDI") ))} -> 1
A47: Quarter Summary | C47: 2025
A48: Input Queue | C48: Q1 | D48: =SUM(C34:E34) -> 185 | E48: Q2 | F48: =SUM(F34:H34) -> 121 | G48: Q3 | H48: =SUM(I34:L34) -> 112 | I48: Q4 | K48: =SUM(M34:O34) -> 233 | L48: Q1 (2026) | M48: =SUM(P34:S34) -> 446 | N48: Q2 (2026) | O48: =SUM(S34:U34) -> 345
A49: Output Queue | D49: =SUM(C43:E43) -> 174 | F49: =SUM(F43:H43) -> 226 | H49: =SUM(I43:L43) -> 236 | K49: =SUM(M43:O43) -> 166 | M49: =SUM(P43:S43) -> 149 | O49: =SUM(S43:U43) -> 135
F51: =D49/D48 -> 0.94054054 | H51: =F49/D48 -> 1.2216216 | K51: =H49/H48 -> 2.1071429 | M51: =K49/K48 -> 0.71244635 | O51: =O49/O48 -> 0.39130435
D52: % compared to of previous quarter input | K52: =K49/H48 -> 1.4821429 | M52: =M49/K48 -> 0.63948498 | O52: =O49/M48 -> 0.30269058
H53: =H49/F48 -> 1.9504132
A54: Awaiting Assignments | B54: =COUNTIFS([1]EDI!$S$2:$S$10000,"Rasha Wadie", [1]EDI!$Q$2:$Q$10000, "In Progress", [1]EDI!$N$2:$N$10000,"Resource Assignment") -> 19 | C54: Quarter Average input | D54: =D48/3 -> 61.666667 | F54: =F48/3 -> 40.333333 | H54: =H48/3 -> 37.333333 | J54: =J48/3 -> 0 | K54: =K48/3 -> 77.666667 | M54: =M48/3 -> 148.66667 | O54: =O48/3 -> 115
A55: Awaiting Assignments | B55: =COUNTIFS([1]EDI!$S$2:$S$10000,"Dina Medhat", [1]EDI!$Q$2:$Q$10000, "In Progress", [1]EDI!$N$2:$N$10000,"Resource Assignment") -> 0 | C55: Quarter Average Output | D55: =D49/3 -> 58 | F55: =F49/3 -> 75.333333 | H55: =H49/3 -> 78.666667 | K55: =K49/3 -> 55.333333 | M55: =M49/3 -> 49.666667 | O55: =O49/3 -> 45

Sheet Sheet1
A2: Amr Salah | C2: =SUM(D2:G2) -> 20 | D2: =COUNTIFS([1]EDI!$S$2:$S$10000,"Alaa Yehia", [1]EDI!$Q$2:$Q$10000, "In Progress", [1]EDI!$N$2:$N$10000,"DataSet Validation", [1]EDI!$L$2:$L$10000,"", [1]EDI!$I$2:$I$10000,"EDI") -> 1 | E2: =COUNTIFS([1]EDI!$S$2:$S$10000,"Alaa Yehia", [1]EDI!$Q$2:$Q$10000, "In Progress", [1]EDI!$N$2:$N$10000,"Dataset Validation", [1]EDI!$L$2:$L$10000, "<>", [1]EDI!$I$2:$I$10000,"EDI") -> 0 | F2: =COUNTIFS([1]EDI!$S$2:$S$10000,"Alaa Yehia", [1]EDI!$Q$2:$Q$10000, "In Progress", [1]EDI!$N$2:$N$10000,"Mapping", [1]EDI!$I$2:$I$10000,"EDI") -> 3 | G2: =COUNTIFS([1]EDI!$S$2:$S$10000,"Alaa Yehia", [1]EDI!$Q$2:$Q$10000, "In Progress", [1]EDI!$N$2:$N$10000,"Testing", [1]EDI!$I$2:$I$10000,"EDI") -> 16 | H2: =COUNTIFS([1]EDI!$S$2:$S$10000,"Alaa Yehia", [1]EDI!$Q$2:$Q$10000, "In Progress", [1]EDI!$N$2:$N$10000,"Ready For Production", [1]EDI!$I$2:$I$10000,"EDI") -> 0 | I2: =LARGE(Dates!C4:C50,1) -> 46215 | K2: =COUNTIFS([1]EDI!$S$2:$S$10000,"Alaa Yehia", [1]EDI!$Q$2:$Q$10000, "In Progress", [1]EDI!$I$2:$I$10000,"Forms") -> 3 | L2: {=SUM(COUNTIFS([1]EDI!$S$2:$S$10000,"Alaa Yehia", [1]EDI!$Q$2:$Q$10000,"In Progress", [1]EDI!$N$2:$N$10000,{"Mapping","Dataset Validation"}, [1]EDI!$I$2:$I$10000,"Forms"))} -> 2 | M2: =COUNTIFS([1]EDI!$S$2:$S$10000,"Alaa Yehia", [1]EDI!$Q$2:$Q$10000, "In Progress", [1]EDI!$N$2:$N$10000,"Testing", [1]EDI!$I$2:$I$10000,"Forms") -> 1 | N2: =COUNTIFS([1]EDI!$S$2:$S$10000,"Alaa Yehia", [1]EDI!$Q$2:$Q$10000, "In Progress", [1]EDI!$P$2:$P$10000,"Migration Testing", [1]EDI!$I$2:$I$10000,"Forms") -> 0 | O2: =COUNTIFS([1]EDI!$S$2:$S$10000,"Alaa Yehia", [1]EDI!$Q$2:$Q$10000, "Live", [1]EDI!$P$2:$P$10000,"Production", [1]EDI!$I$2:$I$10000,"Forms") -> 1 | P2: =LARGE('Dates-Forms'!B5:B52,1) -> 46210 | Q2: =C2+K2 -> 23 | R2: =COUNTIFS( [1]EDI!$S$2:$S$10000,"Alaa Yehia", [1]EDI!$L$2:$L$10000,"<>", [1]EDI!$R$2:$R$10000,">="&DATE(2025,1,1), [1]EDI!$R$2:$R$10000,"<"&DATE(2026,1,1), [1]EDI!$I$2:$I$10000,"EDI" ) -> 60 | S2: =COUNTIFS( [1]EDI!$S$2:$S$10000,"Alaa Yehia", [1]EDI!$L$2:$L$10000,"<>", [1]EDI!$R$2:$R$10000,">="&DATE(2026,1,1), [1]EDI!$I$2:$I$10000,"EDI" ) -> 53
A3: Joseph Atef | C3: =SUM(D3:G3) -> 21 | D3: =COUNTIFS([1]EDI!$S$2:$S$10000,"Aya Fathy", [1]EDI!$Q$2:$Q$10000, "In Progress", [1]EDI!$N$2:$N$10000,"DataSet Validation", [1]EDI!$L$2:$L$10000,"", [1]EDI!$I$2:$I$10000,"EDI") -> 0 | E3: =COUNTIFS([1]EDI!$S$2:$S$10000,"Aya Fathy", [1]EDI!$Q$2:$Q$10000, "In Progress", [1]EDI!$N$2:$N$10000,"Dataset Validation", [1]EDI!$L$2:$L$10000, "<>", [1]EDI!$I$2:$I$10000,"EDI") -> 0 | F3: =COUNTIFS([1]EDI!$S$2:$S$10000,"Aya Fathy", [1]EDI!$Q$2:$Q$10000, "In Progress", [1]EDI!$N$2:$N$10000,"Mapping", [1]EDI!$I$2:$I$10000,"EDI") -> 2 | G3: =COUNTIFS([1]EDI!$S$2:$S$10000,"Aya Fathy", [1]EDI!$Q$2:$Q$10000, "In Progress", [1]EDI!$N$2:$N$10000,"Testing", [1]EDI!$I$2:$I$10000,"EDI") -> 19 | H3: =COUNTIFS([1]EDI!$S$2:$S$10000,"Aya Fathy", [1]EDI!$Q$2:$Q$10000, "In Progress", [1]EDI!$N$2:$N$10000,"Ready For Production", [1]EDI!$I$2:$I$10000,"EDI") -> 0 | I3: =LARGE(Dates!F5:F51,1) -> 46204 | K3: =COUNTIFS([1]EDI!$S$2:$S$10000,"Aya Fathy", [1]EDI!$Q$2:$Q$10000, "In Progress", [1]EDI!$I$2:$I$10000,"Forms") -> 1 | L3: {=SUM(COUNTIFS([1]EDI!$S$2:$S$10000,"Aya Fathy", [1]EDI!$Q$2:$Q$10000,"In Progress", [1]EDI!$N$2:$N$10000,{"Mapping","Dataset Validation"}, [1]EDI!$I$2:$I$10000,"Forms"))} -> 0 | M3: =COUNTIFS([1]EDI!$S$2:$S$10000,"Aya Fathy", [1]EDI!$Q$2:$Q$10000, "In Progress", [1]EDI!$N$2:$N$10000,"Testing", [1]EDI!$I$2:$I$10000,"Forms") -> 1 | N3: =COUNTIFS([1]EDI!$S$2:$S$10000,"Aya Fathy", [1]EDI!$Q$2:$Q$10000, "In Progress", [1]EDI!$P$2:$P$10000,"Migration Testing", [1]EDI!$I$2:$I$10000,"Forms") -> 0 | O3: =COUNTIFS([1]EDI!$S$2:$S$10000,"Aya Fathy", [1]EDI!$Q$2:$Q$10000, "Live", [1]EDI!$P$2:$P$10000,"Production", [1]EDI!$I$2:$I$10000,"Forms") -> 1 | P3: =LARGE('Dates-Forms'!B8:B55,1) -> #NUM! | Q3: =C3+K3 -> 22 | R3: =COUNTIFS( [1]EDI!$S$2:$S$10000,"Aya Fathy", [1]EDI!$L$2:$L$10000,"<>", [1]EDI!$R$2:$R$10000,">="&DATE(2025,1,1), [1]EDI!$R$2:$R$10000,"<"&DATE(2026,1,1), [1]EDI!$I$2:$I$10000,"EDI" ) -> 37 | S3: =COUNTIFS( [1]EDI!$S$2:$S$10000,"Aya Fathy", [1]EDI!$L$2:$L$10000,"<>", [1]EDI!$R$2:$R$10000,">="&DATE(2026,1,1), [1]EDI!$I$2:$I$10000,"EDI" ) -> 60
A4: Mina Kamil | C4: =SUM(D4:G4) -> 6 | D4: =COUNTIFS([1]EDI!$S$2:$S$10000,"Marwan Tawfik", [1]EDI!$Q$2:$Q$10000, "In Progress", [1]EDI!$N$2:$N$10000,"DataSet Validation", [1]EDI!$L$2:$L$10000,"", [1]EDI!$I$2:$I$10000,"EDI") -> 0 | E4: =COUNTIFS([1]EDI!$S$2:$S$10000,"Marwan Tawfik", [1]EDI!$Q$2:$Q$10000, "In Progress", [1]EDI!$N$2:$N$10000,"Dataset Validation", [1]EDI!$L$2:$L$10000, "<>", [1]EDI!$I$2:$I$10000,"EDI") -> 0 | F4: =COUNTIFS([1]EDI!$S$2:$S$10000,"Marwan Tawfik", [1]EDI!$Q$2:$Q$10000, "In Progress", [1]EDI!$N$2:$N$10000,"Mapping", [1]EDI!$I$2:$I$10000,"EDI") -> 0 | G4: =COUNTIFS([1]EDI!$S$2:$S$10000,"Marwan Tawfik", [1]EDI!$Q$2:$Q$10000, "In Progress", [1]EDI!$N$2:$N$10000,"Testing", [1]EDI!$I$2:$I$10000,"EDI") -> 6 | H4: =COUNTIFS([1]EDI!$S$2:$S$10000,"Marwan Tawfik", [1]EDI!$Q$2:$Q$10000, "In Progress", [1]EDI!$N$2:$N$10000,"Ready For Production", [1]EDI!$I$2:$I$10000,"EDI") -> 0 | I4: =LARGE(Dates!L4:L50,1) -> 46204 | K4: =COUNTIFS([1]EDI!$S$2:$S$10000,"Marwan Tawfik", [1]EDI!$Q$2:$Q$10000, "In Progress", [1]EDI!$I$2:$I$10000,"Forms") -> 0 | L4: {=SUM(COUNTIFS([1]EDI!$S$2:$S$10000,"Marwan Tawfik", [1]EDI!$Q$2:$Q$10000,"In Progress", [1]EDI!$N$2:$N$10000,{"Mapping","Dataset Validation"}, [1]EDI!$I$2:$I$10000,"Forms"))} -> 0 | M4: =COUNTIFS([1]EDI!$S$2:$S$10000,"Marwan Tawfik", [1]EDI!$Q$2:$Q$10000, "In Progress", [1]EDI!$N$2:$N$10000,"Testing", [1]EDI!$I$2:$I$10000,"Forms") -> 0 | N4: =COUNTIFS([1]EDI!$S$2:$S$10000,"Marwan Tawfik", [1]EDI!$Q$2:$Q$10000, "In Progress", [1]EDI!$P$2:$P$10000,"Migration Testing", [1]EDI!$I$2:$I$10000,"Forms") -> 0 | O4: =COUNTIFS([1]EDI!$S$2:$S$10000,"Marwan Tawfik", [1]EDI!$Q$2:$Q$10000, "Live", [1]EDI!$P$2:$P$10000,"Production", [1]EDI!$I$2:$I$10000,"Forms") -> 0 | Q4: =C4+K4 -> 6 | R4: =COUNTIFS( [1]EDI!$S$2:$S$10000,"Marwan Tawfik", [1]EDI!$L$2:$L$10000,"<>", [1]EDI!$R$2:$R$10000,">="&DATE(2025,1,1), [1]EDI!$R$2:$R$10000,"<"&DATE(2026,1,1), [1]EDI!$I$2:$I$10000,"EDI" ) -> 46 | S4: =COUNTIFS( [1]EDI!$S$2:$S$10000,"Marwan Tawfik", [1]EDI!$L$2:$L$10000,"<>", [1]EDI!$R$2:$R$10000,">="&DATE(2026,1,1), [1]EDI!$I$2:$I$10000,"EDI" ) -> 17
A5: Nada Ashraf | C5: =SUM(D5:G5) -> 25 | D5: =COUNTIFS([1]EDI!$S$2:$S$10000,"Mirna Azmy", [1]EDI!$Q$2:$Q$10000, "In Progress", [1]EDI!$N$2:$N$10000,"DataSet Validation", [1]EDI!$L$2:$L$10000,"", [1]EDI!$I$2:$I$10000,"EDI") -> 1 | E5: =COUNTIFS([1]EDI!$S$2:$S$10000,"Mirna Azmy", [1]EDI!$Q$2:$Q$10000, "In Progress", [1]EDI!$N$2:$N$10000,"Dataset Validation", [1]EDI!$L$2:$L$10000, "<>", [1]EDI!$I$2:$I$10000,"EDI") -> 1 | F5: =COUNTIFS([1]EDI!$S$2:$S$10000,"Mirna Azmy", [1]EDI!$Q$2:$Q$10000, "In Progress", [1]EDI!$N$2:$N$10000,"Mapping", [1]EDI!$I$2:$I$10000,"EDI") -> 6 | G5: =COUNTIFS([1]EDI!$S$2:$S$10000,"Mirna Azmy", [1]EDI!$Q$2:$Q$10000, "In Progress", [1]EDI!$N$2:$N$10000,"Testing", [1]EDI!$I$2:$I$10000,"EDI") -> 17 | H5: =COUNTIFS([1]EDI!$S$2:$S$10000,"Mirna Azmy", [1]EDI!$Q$2:$Q$10000, "In Progress", [1]EDI!$N$2:$N$10000,"Ready For Production", [1]EDI!$I$2:$I$10000,"EDI") -> 3 | I5: =LARGE(Dates!N4:N50,1) -> 46204 | K5: =COUNTIFS([1]EDI!$S$2:$S$10000,"Mirna Azmy", [1]EDI!$Q$2:$Q$10000, "In Progress", [1]EDI!$I$2:$I$10000,"Forms") -> 0 | L5: {=SUM(COUNTIFS([1]EDI!$S$2:$S$10000,"Mirna Azmy", [1]EDI!$Q$2:$Q$10000,"In Progress", [1]EDI!$N$2:$N$10000,{"Mapping","Dataset Validation"}, [1]EDI!$I$2:$I$10000,"Forms"))} -> 0 | M5: =COUNTIFS([1]EDI!$S$2:$S$10000,"Mirna Azmy", [1]EDI!$Q$2:$Q$10000, "In Progress", [1]EDI!$N$2:$N$10000,"Testing", [1]EDI!$I$2:$I$10000,"Forms") -> 0 | N5: =COUNTIFS([1]EDI!$S$2:$S$10000,"Mirna Azmy", [1]EDI!$Q$2:$Q$10000, "In Progress", [1]EDI!$P$2:$P$10000,"Migration Testing", [1]EDI!$I$2:$I$10000,"Forms") -> 0 | O5: =COUNTIFS([1]EDI!$S$2:$S$10000,"Mirna Azmy", [1]EDI!$Q$2:$Q$10000, "Live", [1]EDI!$P$2:$P$10000,"Production", [1]EDI!$I$2:$I$10000,"Forms") -> 2 | Q5: =C5+K5 -> 25 | R5: =COUNTIFS( [1]EDI!$S$2:$S$10000,"Mirna Azmy", [1]EDI!$L$2:$L$10000,"<>", [1]EDI!$R$2:$R$10000,">="&DATE(2025,1,1), [1]EDI!$R$2:$R$10000,"<"&DATE(2026,1,1), [1]EDI!$I$2:$I$10000,"EDI" ) -> 68 | S5: =COUNTIFS( [1]EDI!$S$2:$S$10000,"Mirna Azmy", [1]EDI!$L$2:$L$10000,"<>", [1]EDI!$R$2:$R$10000,">="&DATE(2026,1,1), [1]EDI!$I$2:$I$10000,"EDI" ) -> 56
A6: Noha Moustafa | C6: =SUM(D6:G6) -> 25 | D6: =COUNTIFS([1]EDI!$S$2:$S$10000,"Mirna Azmy", [1]EDI!$Q$2:$Q$10000, "In Progress", [1]EDI!$N$2:$N$10000,"DataSet Validation", [1]EDI!$L$2:$L$10000,"", [1]EDI!$I$2:$I$10000,"EDI") -> 1 | E6: =COUNTIFS([1]EDI!$S$2:$S$10000,"Mirna Azmy", [1]EDI!$Q$2:$Q$10000, "In Progress", [1]EDI!$N$2:$N$10000,"Dataset Validation", [1]EDI!$L$2:$L$10000, "<>", [1]EDI!$I$2:$I$10000,"EDI") -> 1 | F6: =COUNTIFS([1]EDI!$S$2:$S$10000,"Mirna Azmy", [1]EDI!$Q$2:$Q$10000, "In Progress", [1]EDI!$N$2:$N$10000,"Mapping", [1]EDI!$I$2:$I$10000,"EDI") -> 6 | G6: =COUNTIFS([1]EDI!$S$2:$S$10000,"Mirna Azmy", [1]EDI!$Q$2:$Q$10000, "In Progress", [1]EDI!$N$2:$N$10000,"Testing", [1]EDI!$I$2:$I$10000,"EDI") -> 17 | H6: =COUNTIFS([1]EDI!$S$2:$S$10000,"Mirna Azmy", [1]EDI!$Q$2:$Q$10000, "In Progress", [1]EDI!$N$2:$N$10000,"Ready For Production", [1]EDI!$I$2:$I$10000,"EDI") -> 3 | I6: =LARGE(Dates!O4:O50,1) -> #NUM! | K6: =COUNTIFS([1]EDI!$S$2:$S$10000,"Mirna Azmy", [1]EDI!$Q$2:$Q$10000, "In Progress", [1]EDI!$I$2:$I$10000,"Forms") -> 0 | L6: {=SUM(COUNTIFS([1]EDI!$S$2:$S$10000,"Mirna Azmy", [1]EDI!$Q$2:$Q$10000,"In Progress", [1]EDI!$N$2:$N$10000,{"Mapping","Dataset Validation"}, [1]EDI!$I$2:$I$10000,"Forms"))} -> 0 | M6: =COUNTIFS([1]EDI!$S$2:$S$10000,"Mirna Azmy", [1]EDI!$Q$2:$Q$10000, "In Progress", [1]EDI!$N$2:$N$10000,"Testing", [1]EDI!$I$2:$I$10000,"Forms") -> 0 | N6: =COUNTIFS([1]EDI!$S$2:$S$10000,"Mirna Azmy", [1]EDI!$Q$2:$Q$10000, "In Progress", [1]EDI!$P$2:$P$10000,"Migration Testing", [1]EDI!$I$2:$I$10000,"Forms") -> 0 | O6: =COUNTIFS([1]EDI!$S$2:$S$10000,"Mirna Azmy", [1]EDI!$Q$2:$Q$10000, "Live", [1]EDI!$P$2:$P$10000,"Production", [1]EDI!$I$2:$I$10000,"Forms") -> 2 | Q6: =C6+K6 -> 25 | R6: =COUNTIFS( [1]EDI!$S$2:$S$10000,"Mirna Azmy", [1]EDI!$L$2:$L$10000,"<>", [1]EDI!$R$2:$R$10000,">="&DATE(2025,1,1), [1]EDI!$R$2:$R$10000,"<"&DATE(2026,1,1), [1]EDI!$I$2:$I$10000,"EDI" ) -> 68 | S6: =COUNTIFS( [1]EDI!$S$2:$S$10000,"Mirna Azmy", [1]EDI!$L$2:$L$10000,"<>", [1]EDI!$R$2:$R$10000,">="&DATE(2026,1,1), [1]EDI!$I$2:$I$10000,"EDI" ) -> 56

Sheet RG CRs
A1: Employee Name | B1: Current WorkLoad (InProgress) | C1: Latest Assignment Date
A2: Expected Queue | B2: 40 | E2: Awaiting Assignments | F2: =COUNTIFS([1]EDI!$U$2:$U$10000,"", [1]EDI!$R$2:$R$10000, "Not Started", [1]EDI!$N$2:$N$10000,"Pending Start") -> 0
A3: Karim Tarek | B3: =COUNTIFS([1]EDI!$S$2:$S$10000,"Karim Tarek", [1]EDI!$Q$2:$Q$10000, "In Progress", [1]EDI!$N$2:$N$10000,"Requirements Gathering") -> 6 | C3: =LARGE(Dates!V4:V50,1) -> 46198 | G3: =B3+E4 -> 6
A4: Sandra Adel | B4: =COUNTIFS([1]EDI!$S$2:$S$10000,"Sandra Adel", [1]EDI!$Q$2:$Q$10000, "In Progress", [1]EDI!$N$2:$N$10000,"Requirements Gathering") -> 40 | C4: =LARGE(Dates!W4:W50,1) -> 46217 | G4: =B4+E6 -> 40
A5: Hady Sherif | B5: =COUNTIFS([1]EDI!$S$2:$S$10000,"Hady Sherif", [1]EDI!$Q$2:$Q$10000, "In Progress", [1]EDI!$N$2:$N$10000,"Requirements Gathering") -> 32 | C5: =LARGE(Dates!AA3:AA49,1) -> 46217 | G5: =B5+E6 -> 32
A6: Mai Atef | B6: =COUNTIFS([1]EDI!$S$2:$S$10000,"Mai Atef", [1]EDI!$Q$2:$Q$10000, "In Progress", [1]EDI!$N$2:$N$10000,"Requirements Gathering") -> 6 | C6: =LARGE(Dates!AA4:AA50,1) -> 46217 | G6: =B6+E7 -> 6
A7: Rasha Wadie | B7: =COUNTIFS([1]EDI!$U$2:$U$10000,"Rasha Wadie", [1]EDI!$R$2:$R$10000, "In Progress", [1]EDI!$N$2:$N$10000,"Requirements Gathering") -> 0 | C7: =LARGE(Dates!Z4:Z51,1) -> #NUM! | G7: =B7+E8 -> 0
A8: Totals | B8: =SUM(B3:B7) -> 84 | C8: =LARGE(C3:C4,1) -> 46217

Sheet Dates
A2: Ahmed Ali | B2: Alaa Yehia | C2: Amr Salah | D2: Andrew Ramy | E2: Aya Fathy | F2: Hazem Rostom | G2: Joseph Atef | H2: Mahmoud Ashraf | I2: Marwan Tawfik | J2: Mina Adel | K2: Mina George | L2: Mina Kamil | M2: Mirna Azmy | N2: Nada Ashraf | O2: Noha Moustafa | P2: Omnia Abdelaziz | Q2: Reem Radwan | R2: Karen Ramy | S2: Karim Tarek | T2: Zeyad khaled | U2: Abdulrahman Tarek | V2: Karim Tarek | W2: Sandra Adel | X2: Mark Albert | Y2: Josephine Ossama | Z2: Rasha Wadie | AA2: Hady Sherif | AB2: Giulie Alaa | AC2: Poula Moheb | AD2: Adham Akram
A4: {=_xlfn._xlws.FILTER([1]EDI!$T$2:$T$10000, ([1]EDI!$S$2:$S$10000="Ahmed Ali")* ([1]EDI!$Q$2:$Q$10000= "In Progress")* ([1]EDI!$I$2:$I$10000="EDI"),"")} -> 46215 | B4: {=_xlfn._xlws.FILTER([1]EDI!$T$2:$T$10000, ([1]EDI!$S$2:$S$10000="Alaa Yehia")* ([1]EDI!$Q$2:$Q$10000= "In Progress")* ([1]EDI!$I$2:$I$10000="EDI"),"")} -> 46215 | C4: {=_xlfn._xlws.FILTER([1]EDI!$T$2:$T$10000, ([1]EDI!$S$2:$S$10000="Alaa Yehia")* ([1]EDI!$Q$2:$Q$10000= "In Progress")* ([1]EDI!$I$2:$I$10000="EDI"),"")} -> 46215 | D4: {=_xlfn._xlws.FILTER([1]EDI!$T$2:$T$10000, ([1]EDI!$S$2:$S$10000="Andrew Ramy")* ([1]EDI!$Q$2:$Q$10000= "In Progress")* ([1]EDI!$I$2:$I$10000="EDI"),"")} -> 46215 | E4: {=_xlfn._xlws.FILTER([1]EDI!$T$2:$T$10000, ([1]EDI!$S$2:$S$10000="Aya Fathy")* ([1]EDI!$Q$2:$Q$10000= "In Progress")* ([1]EDI!$I$2:$I$10000="EDI"),"")} -> 46204 | F4: {=_xlfn._xlws.FILTER([1]EDI!$T$2:$T$10000, ([1]EDI!$S$2:$S$10000="Aya Fathy")* ([1]EDI!$Q$2:$Q$10000= "In Progress")* ([1]EDI!$I$2:$I$10000="EDI"),"")} -> 46204 | G4: {=_xlfn._xlws.FILTER([1]EDI!$T$2:$T$10000, ([1]EDI!$S$2:$S$10000="Aya Fathy")* ([1]EDI!$Q$2:$Q$10000= "In Progress")* ([1]EDI!$I$2:$I$10000="EDI"),"")} -> 46204 | H4: {=_xlfn._xlws.FILTER([1]EDI!$T$2:$T$10000, ([1]EDI!$S$2:$S$10000="Aya Fathy")* ([1]EDI!$Q$2:$Q$10000= "In Progress")* ([1]EDI!$I$2:$I$10000="EDI"),"")} -> 46204 | I4: {=_xlfn._xlws.FILTER([1]EDI!$T$2:$T$10000, ([1]EDI!$S$2:$S$10000="Marwan Tawfik")* ([1]EDI!$Q$2:$Q$10000= "In Progress")* ([1]EDI!$I$2:$I$10000="EDI"),"")} -> 46132 | J4: {=_xlfn._xlws.FILTER([1]EDI!$T$2:$T$10000, ([1]EDI!$S$2:$S$10000="Mina Adel")* ([1]EDI!$Q$2:$Q$10000= "In Progress")* ([1]EDI!$I$2:$I$10000="EDI"),"")} -> 45249 | K4: {=_xlfn._xlws.FILTER([1]EDI!$T$2:$T$10000, ([1]EDI!$S$2:$S$10000="Mina George")* ([1]EDI!$Q$2:$Q$10000= "In Progress")* ([1]EDI!$I$2:$I$10000="EDI"),"")} | L4: {=_xlfn._xlws.FILTER([1]EDI!$T$2:$T$10000, ([1]EDI!$S$2:$S$10000="Aya Fathy")* ([1]EDI!$Q$2:$Q$10000= "In Progress")* ([1]EDI!$I$2:$I$10000="EDI"),"")} -> 46204 | M4: {=_xlfn._xlws.FILTER([1]EDI!$T$2:$T$10000, ([1]EDI!$S$2:$S$10000="Mirna Azmy")* ([1]EDI!$Q$2:$Q$10000= "In Progress")* ([1]EDI!$I$2:$I$10000="EDI"),"")} -> 46197 | N4: {=_xlfn._xlws.FILTER([1]EDI!$T$2:$T$10000, ([1]EDI!$S$2:$S$10000="Aya Fathy")* ([1]EDI!$Q$2:$Q$10000= "In Progress")* ([1]EDI!$I$2:$I$10000="EDI"),"")} -> 46204 | O4: {=_xlfn._xlws.FILTER([1]EDI!$T$2:$T$10000, ([1]EDI!$S$2:$S$10000="Noha Moustafa")* ([1]EDI!$Q$2:$Q$10000= "In Progress")* ([1]EDI!$I$2:$I$10000="EDI"),"")} | P4: {=_xlfn._xlws.FILTER([1]EDI!$T$2:$T$10000, ([1]EDI!$S$2:$S$10000="Omnia Abdelaziz")* ([1]EDI!$Q$2:$Q$10000= "In Progress")* ([1]EDI!$I$2:$I$10000="EDI"),"")} -> 46215 | Q4: {=_xlfn._xlws.FILTER([1]EDI!$T$2:$T$10000, ([1]EDI!$S$2:$S$10000="Reem Radwan")* ([1]EDI!$Q$2:$Q$10000= "In Progress")* ([1]EDI!$I$2:$I$10000="EDI"),"")} -> 46209 | R4: {=_xlfn._xlws.FILTER([1]EDI!$T$2:$T$10000, ([1]EDI!$S$2:$S$10000="Karen Ramy")* ([1]EDI!$Q$2:$Q$10000= "In Progress")* ([1]EDI!$I$2:$I$10000="EDI"),"")} -> 46204 | S4: {=_xlfn._xlws.FILTER([1]EDI!$T$2:$T$10000, ([1]EDI!$S$2:$S$10000="Karim Tarek")* ([1]EDI!$Q$2:$Q$10000= "In Progress")* ([1]EDI!$I$2:$I$10000="EDI"),"")} -> 46198 | T4: {=_xlfn._xlws.FILTER([1]EDI!$T$2:$T$10000, ([1]EDI!$S$2:$S$10000="Zeyad khaled")* ([1]EDI!$Q$2:$Q$10000= "In Progress")* ([1]EDI!$I$2:$I$10000="EDI"),"")} -> 46215 | U4: {=_xlfn._xlws.FILTER([1]EDI!$T$2:$T$10000, ([1]EDI!$S$2:$S$10000="Karen Ramy")* ([1]EDI!$Q$2:$Q$10000= "In Progress")* ([1]EDI!$I$2:$I$10000="EDI"),"")} -> 46204 | V4: {=_xlfn._xlws.FILTER( [1]EDI!$T$2:$T$10000, ([1]EDI!$S$2:$S$10000="Karim Tarek") * ([1]EDI!$Q$2:$Q$10000="In Progress") * ([1]EDI!$I$2:$I$10000="EDI") * ([1]EDI!$N$2:$N$10000="Requirements Gathering"), "" )} -> 46198 | W4: {=_xlfn._xlws.FILTER( [1]EDI!$T$2:$T$10000, ([1]EDI!$S$2:$S$10000="Sandra Adel") * ([1]EDI!$Q$2:$Q$10000="In Progress") * ([1]EDI!$I$2:$I$10000="EDI") * ([1]EDI!$N$2:$N$10000="Requirements Gathering"), "" )} -> 46217 | X4: {=_xlfn._xlws.FILTER([1]EDI!$T$2:$T$10000, ([1]EDI!$S$2:$S$10000="Mark Albert")* ([1]EDI!$Q$2:$Q$10000= "In Progress")* ([1]EDI!$I$2:$I$10000="EDI"),"")} -> 46215 | Y4: {=_xlfn._xlws.FILTER([1]EDI!$T$2:$T$10000, ([1]EDI!$S$2:$S$10000="Josephine Ossama")* ([1]EDI!$Q$2:$Q$10000= "In Progress")* ([1]EDI!$I$2:$I$10000="EDI"),"")} -> 46208 | Z4: {=_xlfn._xlws.FILTER([1]EDI!$V$2:$V$10000,([1]EDI!$U$2:$U$10000="Rasha Wadie")* ([1]EDI!$R$2:$R$10000= "In Progress")* ([1]EDI!$I$2:$I$10000="EDI"),"")} | AA4: {=_xlfn._xlws.FILTER( [1]EDI!$T$2:$T$10000, ([1]EDI!$S$2:$S$10000="Hady Sherif") * ([1]EDI!$Q$2:$Q$10000="In Progress") * ([1]EDI!$I$2:$I$10000="EDI") * ([1]EDI!$N$2:$N$10000="Requirements Gathering"), "" )} -> 46217 | AB4: {=_xlfn._xlws.FILTER([1]EDI!$T$2:$T$10000, ([1]EDI!$S$2:$S$10000="Giulie Alaa")* ([1]EDI!$Q$2:$Q$10000= "In Progress")* ([1]EDI!$I$2:$I$10000="EDI"),"")} -> 46215 | AC4: {=_xlfn._xlws.FILTER([1]EDI!$T$2:$T$10000, ([1]EDI!$S$2:$S$10000="Poula Moheb")* ([1]EDI!$Q$2:$Q$10000= "In Progress")* ([1]EDI!$I$2:$I$10000="EDI"),"")} -> 46201 | AD4: {=_xlfn._xlws.FILTER([1]EDI!$T$2:$T$10000, ([1]EDI!$S$2:$S$10000="Adham Akram")* ([1]EDI!$Q$2:$Q$10000= "In Progress")* ([1]EDI!$I$2:$I$10000="EDI"),"")} -> 46208
A5: 46194 | B5: 46201 | C5: 46201 | D5: 46208 | E5: 46204 | F5: 46204 | G5: 46204 | H5: 46204 | I5: 46107 | L5: 46204 | M5: 46197 | N5: 46204 | P5: 46204 | Q5: 46215 | R5: 46204 | S5: 46198 | T5: 46201 | U5: 46204 | V5: 46198 | W5: 46217 | X5: 46208 | Y5: 46215 | AA5: 46215 | AB5: 46208 | AC5: 46215 | AD5: 46215
A6: 46176 | B6: 46196 | C6: 46196 | D6: 46208 | E6: 46201 | F6: 46201 | G6: 46201 | H6: 46201 | I6: 46051 | L6: 46201 | M6: 46182 | N6: 46201 | P6: 46201 | Q6: 46201 | R6: 46204 | S6: 46198 | T6: 46196 | U6: 46204 | V6: 46198 | W6: 46217 | X6: 46194 | Y6: 46201 | AA6: 46215 | AB6: 46201 | AC6: 46196 | AD6: 46201
A7: 46176 | B7: 46194 | C7: 46194 | D7: 46194 | E7: 46196 | F7: 46196 | G7: 46196 | H7: 46196 | I7: 46069 | L7: 46196 | M7: 46215 | N7: 46196 | P7: 46208 | Q7: 46194 | R7: 46196 | S7: 46196 | T7: 46194 | U7: 46196 | V7: 46196 | W7: 46217 | X7: 46196 | Y7: 46194 | AA7: 46215 | AB7: 46197 | AC7: 46188 | AD7: 46188
A8: 46180 | B8: 46182 | C8: 46182 | D8: 46190 | E8: 46194 | F8: 46194 | G8: 46194 | H8: 46194 | I8: 46049 | L8: 46194 | M8: 46194 | N8: 46194 | P8: 46194 | Q8: 46204 | R8: 46196 | S8: 46190 | T8: 46183 | U8: 46196 | V8: 46190 | W8: 46216 | X8: 46188 | Y8: 46188 | AA8: 46215 | AB8: 46182 | AC8: 46182 | AD8: 46188
A9: 46161 | B9: 46182 | C9: 46182 | D9: 46201 | E9: 46194 | F9: 46194 | G9: 46194 | H9: 46194 | I9: 45972 | L9: 46194 | M9: 46182 | N9: 46194 | P9: 46174 | Q9: 46182 | R9: 46194 | S9: 46118 | T9: 46182 | U9: 46194 | V9: 46118 | W9: 46216 | X9: 46183 | Y9: 46183 | AA9: 46215 | AB9: 46196 | AC9: 46161 | AD9: 46204
A10: 46159 | B10: 46180 | C10: 46180 | D10: 46183 | E10: 46190 | F10: 46190 | G10: 46190 | H10: 46190 | L10: 46190 | M10: 46176 | N10: 46190 | P10: 46174 | Q10: 46180 | R10: 46188 | T10: 46188 | U10: 46188 | W10: 46216 | X10: 46182 | Y10: 46182 | AA10: 46208 | AB10: 46188 | AC10: 46174 | AD10: 46180
A11: 46152 | B11: 46156 | C11: 46156 | D11: 46182 | E11: 46188 | F11: 46188 | G11: 46188 | H11: 46188 | L11: 46188 | M11: 46176 | N11: 46188 | P11: 46188 | Q11: 46166 | R11: 46188 | T11: 46166 | U11: 46188 | W11: 46216 | X11: 46211 | Y11: 46166 | AA11: 46208 | AB11: 46211 | AC11: 46211 | AD11: 46194
A12: 46154 | B12: 46156 | C12: 46156 | D12: 46176 | E12: 46176 | F12: 46176 | G12: 46176 | H12: 46176 | L12: 46176 | M12: 46161 | N12: 46176 | P12: 46188 | Q12: 46190 | R12: 46211 | T12: 46166 | U12: 46211 | W12: 46216 | X12: 46176 | Y12: 46176 | AA12: 46208 | AB12: 46161 | AC12: 46166 | AD12: 46211
A13: 46154 | B13: 46152 | C13: 46152 | D13: 46176 | E13: 46174 | F13: 46174 | G13: 46174 | H13: 46174 | L13: 46174 | M13: 46161 | N13: 46174 | P13: 46190 | Q13: 46174 | R13: 46211 | T13: 46176 | U13: 46211 | W13: 46216 | X13: 46180 | Y13: 46176 | AA13: 46208 | AB13: 46147 | AD13: 46196
A14: 46145 | B14: 46152 | C14: 46152 | D14: 46174 | E14: 46182 | F14: 46182 | G14: 46182 | H14: 46182 | L14: 46182 | M14: 46184 | N14: 46182 | P14: 46152 | Q14: 46152 | R14: 46201 | T14: 46180 | U14: 46201 | W14: 46216 | X14: 46180 | Y14: 46152 | AA14: 46204 | AB14: 46163
A15: 46132 | B15: 46147 | C15: 46147 | D15: 46159 | E15: 46159 | F15: 46159 | G15: 46159 | H15: 46159 | L15: 46159 | M15: 46204 | N15: 46159 | P15: 46145 | Q15: 46148 | R15: 46195 | T15: 46180 | U15: 46195 | W15: 46216 | X15: 46159 | Y15: 46159 | AA15: 46204 | AB15: 46155
A16: 46135 | B16: 46138 | C16: 46138 | D16: 46196 | E16: 46148 | F16: 46148 | G16: 46148 | H16: 46148 | L16: 46148 | M16: 46147 | N16: 46148 | P16: 46140 | Q16: 46148 | R16: 46140 | T16: 46176 | U16: 46140 | W16: 46216 | X16: 46159 | Y16: 46145 | AA16: 46202
A17: 46126 | B17: 46117 | C17: 46117 | D17: 46180 | E17: 46182 | F17: 46182 | G17: 46182 | H17: 46182 | L17: 46182 | M17: 46155 | N17: 46182 | P17: 46128 | Q17: 46140 | R17: 46138 | T17: 46174 | U17: 46138 | W17: 46215 | X17: 46152 | Y17: 46138 | AA17: 46202
A18: 46128 | B18: 46126 | C18: 46126 | D18: 46145 | E18: 46140 | F18: 46140 | G18: 46140 | H18: 46140 | L18: 46140 | M18: 46134 | N18: 46140 | P18: 46128 | Q18: 46138 | R18: 46132 | T18: 46132 | U18: 46132 | W18: 46215 | X18: 46155 | Y18: 46132 | AA18: 46202
A19: 46120 | B19: 46085 | C19: 46085 | D19: 46161 | E19: 46134 | F19: 46134 | G19: 46134 | H19: 46134 | L19: 46134 | M19: 46132 | N19: 46134 | P19: 46110 | Q19: 46128 | R19: 46117 | T19: 46128 | U19: 46117 | W19: 46215 | X19: 46145 | Y19: 46117 | AA19: 46198
A20: 46110 | B20: 46078 | C20: 46078 | D20: 46134 | E20: 46110 | F20: 46110 | G20: 46110 | H20: 46110 | L20: 46110 | M20: 46117 | N20: 46110 | P20: 46110 | Q20: 46155 | R20: 46107 | T20: 46117 | U20: 46107 | W20: 46215 | X20: 46147 | Y20: 46113 | AA20: 46196
A21: 46075 | B21: 46036 | C21: 46036 | D21: 46128 | E21: 46085 | F21: 46085 | G21: 46085 | H21: 46085 | L21: 46085 | M21: 46128 | N21: 46085 | P21: 46159 | Q21: 46096 | T21: 46134 | W21: 46215 | X21: 46132 | Y21: 46128 | AA21: 46190
A22: 46068 | B22: 46000 | C22: 46000 | D22: 46113 | E22: 46142 | F22: 46142 | G22: 46142 | H22: 46142 | L22: 46142 | M22: 46105 | N22: 46142 | P22: 46099 | Q22: 46085 | T22: 46120 | W22: 46215 | X22: 46117 | Y22: 46117 | AA22: 46216
A23: 46128 | B23: 46049 | C23: 46049 | D23: 46166 | E23: 46090 | F23: 46090 | G23: 46090 | H23: 46090 | L23: 46090 | M23: 46107 | N23: 46090 | P23: 46099 | Q23: 46090 | T23: 46140 | W23: 46215 | X23: 46117 | Y23: 46075 | AA23: 46190
A24: 46043 | D24: 46107 | E24: 46051 | F24: 46051 | G24: 46051 | H24: 46051 | L24: 46051 | M24: 46075 | N24: 46051 | P24: 46035 | Q24: 46078 | T24: 46092 | W24: 46215 | X24: 46147 | Y24: 46005 | AA24: 46188
A25: 46142 | D25: 46128 | M25: 46069 | P25: 46138 | Q25: 46098 | T25: 46092 | W25: 46211 | X25: 46092 | Y25: 46068 | AA25: 46188
A26: 46090 | D26: 46078 | M26: 46050 | P26: 46090 | Q26: 45936 | T26: 46126 | W26: 46211 | Y26: 46147 | AA26: 46184
A27: 45951 | D27: 46128 | M27: 46057 | P27: 45818 | T27: 45785 | W27: 46211 | AA27: 46166
A28: 45778 | D28: 46049 | M28: 46048 | W28: 46208 | AA28: 46174
D29: 45669 | M29: 45995 | W29: 46204 | AA29: 46162
D30: 45440 | M30: 45972 | W30: 46204 | AA30: 46161
M31: 45720 | W31: 46204 | AA31: 46161
W32: 46204 | AA32: 46142
W33: 46208 | AA33: 46138
W34: 46197 | AA34: 46138
W35: 46190 | AA35: 46120
W36: 46176
W37: 46176
W38: 46166
W39: 46166
W40: 46147
W41: 46147
W42: 46135
W43: 46092

Sheet Dates-Forms
A2: Ahmed Ali | B2: Alaa Yehia | C2: Amr Salah | D2: Andrew Ramy | E2: Aya Fathy | F2: Hazem Rostom | G2: Joseph Atef | H2: Mahmoud Ashraf | I2: Marwan Tawfik | J2: Mina Adel | K2: Mina George | L2: Mina Kamil | M2: Mirna Azmy | N2: Nada Ashraf | O2: Noha Moustafa | P2: Omnia Abdelaziz | Q2: Reem Radwan | R2: Karen Ramy | S2: Karim Tarek | T2: zeyad khaled | U2: Abdulrahman Tarek | V2: Lourina Edmon | W2: Sandra Adel | X2: Mark Albert
A4: {=_xlfn._xlws.FILTER([1]EDI!$T$2:$T$10000, ([1]EDI!$S$2:$S$10000="Ahmed Ali")* ([1]EDI!$Q$2:$Q$10000= "In Progress")* ([1]EDI!$I$2:$I$10000="Forms"),"")} | B4: {=_xlfn._xlws.FILTER([1]EDI!$T$2:$T$10000, ([1]EDI!$S$2:$S$10000="Alaa Yehia")* ([1]EDI!$Q$2:$Q$10000= "In Progress")* ([1]EDI!$I$2:$I$10000="Forms"),"")} -> 46210 | C4: {=_xlfn._xlws.FILTER([1]EDI!$T$2:$T$10000, ([1]EDI!$S$2:$S$10000="Alaa Yehia")* ([1]EDI!$Q$2:$Q$10000= "In Progress")* ([1]EDI!$I$2:$I$10000="Forms"),"")} -> 46210 | D4: {=_xlfn._xlws.FILTER([1]EDI!$T$2:$T$10000, ([1]EDI!$S$2:$S$10000="Andrew Ramy")* ([1]EDI!$Q$2:$Q$10000= "In Progress")* ([1]EDI!$I$2:$I$10000="Forms"),"")} | E4: {=_xlfn._xlws.FILTER([1]EDI!$T$2:$T$10000, ([1]EDI!$S$2:$S$10000="Aya Fathy")* ([1]EDI!$Q$2:$Q$10000= "In Progress")* ([1]EDI!$I$2:$I$10000="Forms"),"")} -> 46210 | F4: {=_xlfn._xlws.FILTER([1]EDI!$V$2:$V$10000, ([1]EDI!$U$2:$U$10000="Hazem Rostom")*([1]EDI!$R$2:$R$10000= "In Progress")* ([1]EDI!$I$2:$I$10000="Forms"),"")} | G4: {=_xlfn._xlws.FILTER([1]EDI!$V$2:$V$10000, ([1]EDI!$U$2:$U$10000="Joseph Atef")*([1]EDI!$R$2:$R$10000= "In Progress")* ([1]EDI!$I$2:$I$10000="Forms"),"")} | H4: {=_xlfn._xlws.FILTER([1]EDI!$V$2:$V$10000, ([1]EDI!$U$2:$U$10000="Mahmoud Ashraf")*([1]EDI!$R$2:$R$10000= "In Progress")* ([1]EDI!$I$2:$I$10000="Forms"),"")} | I4: {=_xlfn._xlws.FILTER([1]EDI!$V$2:$V$10000, ([1]EDI!$U$2:$U$10000="Marwan Tawfik")*([1]EDI!$R$2:$R$10000= "In Progress")* ([1]EDI!$I$2:$I$10000="Forms"),"")} | J4: {=_xlfn._xlws.FILTER([1]EDI!$V$2:$V$10000, ([1]EDI!$U$2:$U$10000="Mina Adel")*([1]EDI!$R$2:$R$10000= "In Progress")* ([1]EDI!$I$2:$I$10000="Forms"),"")} | K4: {=_xlfn._xlws.FILTER([1]EDI!$V$2:$V$10000, ([1]EDI!$U$2:$U$10000="Mina George")*([1]EDI!$R$2:$R$10000= "In Progress")* ([1]EDI!$I$2:$I$10000="Forms"),"")} | L4: {=_xlfn._xlws.FILTER([1]EDI!$V$2:$V$10000, ([1]EDI!$U$2:$U$10000="Mina Kamil")*([1]EDI!$R$2:$R$10000= "In Progress")* ([1]EDI!$I$2:$I$10000="Forms"),"")} | M4: {=_xlfn._xlws.FILTER([1]EDI!$V$2:$V$10000, ([1]EDI!$U$2:$U$10000="Mirna Azmy")*([1]EDI!$R$2:$R$10000= "In Progress")* ([1]EDI!$I$2:$I$10000="Forms"),"")} | N4: {=_xlfn._xlws.FILTER([1]EDI!$V$2:$V$10000, ([1]EDI!$U$2:$U$10000="Nada Ashraf")*([1]EDI!$R$2:$R$10000= "In Progress")* ([1]EDI!$I$2:$I$10000="Forms"),"")} | O4: {=_xlfn._xlws.FILTER([1]EDI!$V$2:$V$10000, ([1]EDI!$U$2:$U$10000="Noha Moustafa")*([1]EDI!$R$2:$R$10000= "In Progress")* ([1]EDI!$I$2:$I$10000="Forms"),"")} | P4: {=_xlfn._xlws.FILTER([1]EDI!$V$2:$V$10000, ([1]EDI!$U$2:$U$10000="Omnia Abdelaziz")*([1]EDI!$R$2:$R$10000= "In Progress")* ([1]EDI!$I$2:$I$10000="Forms"),"")} | Q4: {=_xlfn._xlws.FILTER([1]EDI!$T$2:$T$10000, ([1]EDI!$S$2:$S$10000="Reem Radwan")* ([1]EDI!$Q$2:$Q$10000= "In Progress")* ([1]EDI!$I$2:$I$10000="Forms"),"")} -> 46188 | S4: {=_xlfn._xlws.FILTER([1]EDI!$T$2:$T$10000, ([1]EDI!$S$2:$S$10000="Karim Tarek")* ([1]EDI!$Q$2:$Q$10000= "In Progress")* ([1]EDI!$I$2:$I$10000="Forms"),"")} -> 46033 | T4: {=_xlfn._xlws.FILTER([1]EDI!$V$2:$V$10000, ([1]EDI!$U$2:$U$10000="zeyad khaled")*([1]EDI!$R$2:$R$10000= "In Progress")* ([1]EDI!$I$2:$I$10000="Forms"),"")} | X4: {=_xlfn._xlws.FILTER([1]EDI!$T$2:$T$10000, ([1]EDI!$S$2:$S$10000="Mark Albert")* ([1]EDI!$Q$2:$Q$10000= "In Progress")* ([1]EDI!$I$2:$I$10000="Forms"),"")} -> 46176
B5: 46210 | C5: 46210 | Q5: 46188 | X5: 46126
B6: 46176 | C6: 46176 | Q6: 46147
Q7: 46141
